timestamp,open,high,low,close,volume
2020-01-10 00:00:00+00,1.110960,1.112920,1.108500,1.112070,45492.0000
2020-01-12 00:00:00+00,1.111620,1.112100,1.111300,1.111630,498.0000
2020-01-13 00:00:00+00,1.111610,1.114700,1.111260,1.113460,36895.0000
2020-01-14 00:00:00+00,1.113440,1.114460,1.110440,1.112780,45116.0000
2020-01-15 00:00:00+00,1.112780,1.116350,1.111840,1.115240,40119.0000
2020-01-16 00:00:00+00,1.115260,1.117260,1.112790,1.113700,42111.0000
2020-01-17 00:00:00+00,1.113700,1.114260,1.108620,1.109050,38114.0000
2020-01-19 00:00:00+00,1.109300,1.109480,1.108920,1.109450,742.0000
2020-01-20 00:00:00+00,1.109470,1.110260,1.107670,1.109640,22719.0000
2020-01-21 00:00:00+00,1.109620,1.111800,1.108110,1.108520,39848.0000
2020-01-22 00:00:00+00,1.108530,1.109840,1.107020,1.109580,42020.0000
2020-01-23 00:00:00+00,1.109570,1.110880,1.103640,1.105540,59422.0000
2020-01-24 00:00:00+00,1.105550,1.106190,1.101980,1.102520,46314.0000
2020-01-26 00:00:00+00,1.103420,1.103420,1.102390,1.102460,2858.0000
2020-01-27 00:00:00+00,1.102470,1.103760,1.100980,1.101940,40878.0000
2020-01-28 00:00:00+00,1.101960,1.102540,1.099800,1.102220,37975.0000
2020-01-29 00:00:00+00,1.102230,1.102770,1.099240,1.101380,39408.0000
2020-01-30 00:00:00+00,1.101380,1.103940,1.100690,1.102880,47837.0000
2020-01-31 00:00:00+00,1.102860,1.109550,1.101700,1.109450,51661.0000
2020-02-02 00:00:00+00,1.109560,1.109560,1.108140,1.108920,1094.0000
2020-02-03 00:00:00+00,1.108900,1.108900,1.103560,1.106240,52664.0000
2020-02-04 00:00:00+00,1.106260,1.106420,1.103300,1.104470,46829.0000
2020-02-05 00:00:00+00,1.104490,1.104800,1.099370,1.100020,51493.0000
2020-02-06 00:00:00+00,1.100000,1.101400,1.096460,1.098080,45952.0000
2020-02-07 00:00:00+00,1.098090,1.098500,1.094200,1.094630,56337.0000
2020-02-09 00:00:00+00,1.094500,1.095080,1.094280,1.094920,1306.0000
2020-02-10 00:00:00+00,1.094910,1.095760,1.090780,1.091030,39366.0000
2020-02-11 00:00:00+00,1.091040,1.092490,1.089130,1.091910,44464.0000
2020-02-12 00:00:00+00,1.091900,1.092560,1.086520,1.087560,46027.0000
2020-02-13 00:00:00+00,1.087570,1.088890,1.083400,1.084150,46779.0000
2020-02-14 00:00:00+00,1.084160,1.086130,1.082720,1.083100,41064.0000
2020-02-16 00:00:00+00,1.084200,1.084210,1.083650,1.084140,856.0000
2020-02-17 00:00:00+00,1.084120,1.085110,1.082920,1.083680,24407.0000
2020-02-18 00:00:00+00,1.083660,1.083730,1.078560,1.079440,51908.0000
2020-02-19 00:00:00+00,1.079410,1.081180,1.078220,1.080980,47309.0000
2020-02-20 00:00:00+00,1.080960,1.082120,1.077780,1.078770,62206.0000
2020-02-21 00:00:00+00,1.078780,1.086360,1.078720,1.084740,63344.0000
2020-02-23 00:00:00+00,1.081490,1.084200,1.081490,1.083860,2453.0000
2020-02-24 00:00:00+00,1.083870,1.087220,1.080520,1.084880,81730.0000
2020-02-25 00:00:00+00,1.084870,1.089040,1.083020,1.087980,91170.0000
2020-02-26 00:00:00+00,1.087970,1.090900,1.085510,1.088640,96381.0000
2020-02-27 00:00:00+00,1.088660,1.100650,1.088490,1.099650,123358.0000
2020-02-28 00:00:00+00,1.099660,1.105310,1.095100,1.102770,156637.0000
2020-03-01 00:00:00+00,1.104460,1.107410,1.103960,1.105180,4186.0000
2020-03-02 00:00:00+00,1.105200,1.118480,1.103640,1.114440,176148.0000
2020-03-03 00:00:00+00,1.114430,1.121390,1.109540,1.117660,170044.0000
2020-03-04 00:00:00+00,1.117680,1.118760,1.109550,1.113840,111107.0000
2020-03-05 00:00:00+00,1.113850,1.124500,1.111960,1.122280,111298.0000
2020-03-06 00:00:00+00,1.122260,1.135480,1.121150,1.128360,197939.0000
2020-03-08 00:00:00+00,1.135100,1.139640,1.133600,1.138780,11772.0000
2020-03-09 00:00:00+00,1.138780,1.149630,1.135600,1.139940,235020.0000
2020-03-10 00:00:00+00,1.139920,1.142520,1.127500,1.131400,264629.0000
2020-03-11 00:00:00+00,1.131420,1.136680,1.125130,1.126160,200183.0000
2020-03-12 00:00:00+00,1.126140,1.133380,1.105540,1.118270,254714.0000
2020-03-13 00:00:00+00,1.118280,1.122130,1.105500,1.110540,188920.0000
2020-03-15 00:00:00+00,1.106930,1.119960,1.106930,1.115760,16084.0000
2020-03-16 00:00:00+00,1.115700,1.123680,1.108540,1.116360,249969.0000
2020-03-17 00:00:00+00,1.116340,1.118940,1.095480,1.101640,223763.0000
2020-03-18 00:00:00+00,1.101660,1.104540,1.080180,1.094500,253175.0000
2020-03-19 00:00:00+00,1.094540,1.094980,1.065460,1.065480,300347.0000
2020-03-20 00:00:00+00,1.065500,1.083120,1.063770,1.069640,258121.0000
2020-03-22 00:00:00+00,1.070770,1.071000,1.063610,1.068930,14900.0000
2020-03-23 00:00:00+00,1.068900,1.082840,1.065840,1.076370,233916.0000
2020-03-24 00:00:00+00,1.076390,1.088800,1.074600,1.079840,183301.0000
2020-03-25 00:00:00+00,1.079860,1.089420,1.076060,1.088840,171042.0000
2020-03-26 00:00:00+00,1.088860,1.105920,1.087480,1.104780,174708.0000
2020-03-27 00:00:00+00,1.104790,1.114770,1.095360,1.114150,166813.0000
2020-03-29 00:00:00+00,1.111940,1.114480,1.110560,1.113680,3656.0000
2020-03-30 00:00:00+00,1.113700,1.113880,1.101000,1.102920,135445.0000
2020-03-31 00:00:00+00,1.102940,1.104300,1.092670,1.102620,173491.0000
2020-04-01 00:00:00+00,1.102640,1.103640,1.090280,1.095160,130541.0000
2020-04-02 00:00:00+00,1.095170,1.096480,1.082080,1.084600,133335.0000
2020-04-03 00:00:00+00,1.084620,1.085550,1.077280,1.080560,108899.0000
2020-04-05 00:00:00+00,1.080900,1.082220,1.080300,1.080550,4302.0000
2020-04-06 00:00:00+00,1.080580,1.083560,1.076840,1.079890,98389.0000
2020-04-07 00:00:00+00,1.079900,1.092650,1.079060,1.089360,110865.0000
2020-04-08 00:00:00+00,1.089340,1.089700,1.083010,1.086010,97472.0000
2020-04-09 00:00:00+00,1.086000,1.095180,1.084100,1.092300,112846.0000
2020-04-10 00:00:00+00,1.092260,1.095300,1.091980,1.093570,14437.0000
2020-04-12 00:00:00+00,1.094900,1.094920,1.093040,1.093160,2612.0000
2020-04-13 00:00:00+00,1.093140,1.096790,1.089260,1.091990,58499.0000
2020-04-14 00:00:00+00,1.091980,1.099110,1.091500,1.098330,90180.0000
2020-04-15 00:00:00+00,1.098320,1.098740,1.085650,1.090380,92393.0000
2020-04-16 00:00:00+00,1.090390,1.090750,1.081680,1.085880,101548.0000
2020-04-17 00:00:00+00,1.085890,1.089250,1.081200,1.087390,95079.0000
2020-04-19 00:00:00+00,1.087100,1.087880,1.086360,1.086390,1484.0000
2020-04-20 00:00:00+00,1.086380,1.089680,1.084120,1.086390,76523.0000
2020-04-21 00:00:00+00,1.086380,1.088040,1.081650,1.085660,93919.0000
2020-04-22 00:00:00+00,1.085670,1.088540,1.080320,1.080630,66832.0000
2020-04-23 00:00:00+00,1.080640,1.084680,1.075620,1.077450,104891.0000
2020-04-24 00:00:00+00,1.077460,1.082980,1.072720,1.082320,84552.0000
2020-04-26 00:00:00+00,1.082280,1.082510,1.081460,1.082080,1210.0000
2020-04-27 00:00:00+00,1.082090,1.086040,1.081140,1.082460,73233.0000
2020-04-28 00:00:00+00,1.082440,1.088860,1.080960,1.083260,77450.0000
2020-04-29 00:00:00+00,1.083240,1.088580,1.083100,1.087740,82648.0000
2020-04-30 00:00:00+00,1.087720,1.097250,1.083300,1.094500,118939.0000
2020-05-01 00:00:00+00,1.094480,1.101920,1.093460,1.097940,69233.0000
2020-05-03 00:00:00+00,1.097150,1.097490,1.095300,1.096090,2709.0000
2020-05-04 00:00:00+00,1.096080,1.096080,1.089570,1.090330,77408.0000
2020-05-05 00:00:00+00,1.090340,1.092580,1.082610,1.083880,75072.0000
2020-05-06 00:00:00+00,1.083900,1.084400,1.078200,1.079820,78896.0000
2020-05-07 00:00:00+00,1.079840,1.084100,1.076660,1.083620,89712.0000
2020-05-08 00:00:00+00,1.083610,1.087550,1.081500,1.083840,61686.0000
2020-05-10 00:00:00+00,1.082980,1.083980,1.082180,1.083780,1924.0000
2020-05-11 00:00:00+00,1.083800,1.085060,1.080060,1.080940,76250.0000
2020-05-12 00:00:00+00,1.080920,1.088520,1.078450,1.084540,80592.0000
2020-05-13 00:00:00+00,1.084520,1.089650,1.081170,1.082120,90803.0000
2020-05-14 00:00:00+00,1.082120,1.082400,1.077500,1.080620,82653.0000
2020-05-15 00:00:00+00,1.080640,1.085100,1.078900,1.081970,78921.0000
2020-05-17 00:00:00+00,1.081310,1.082350,1.080790,1.081860,1785.0000
2020-05-18 00:00:00+00,1.081840,1.092710,1.079980,1.091400,77702.0000
2020-05-19 00:00:00+00,1.091380,1.097610,1.090220,1.092620,81731.0000
2020-05-20 00:00:00+00,1.092640,1.099910,1.092640,1.097960,72953.0000
2020-05-21 00:00:00+00,1.097940,1.100840,1.093720,1.094940,74433.0000
2020-05-22 00:00:00+00,1.094950,1.095380,1.088540,1.090240,65019.0000
2020-05-24 00:00:00+00,1.090120,1.090860,1.089600,1.090800,1149.0000
2020-05-25 00:00:00+00,1.090820,1.091460,1.087060,1.090160,34037.0000
2020-05-26 00:00:00+00,1.090180,1.099600,1.089670,1.097910,76946.0000
2020-05-27 00:00:00+00,1.097890,1.103100,1.093380,1.101680,118362.0000
2020-05-28 00:00:00+00,1.101670,1.109380,1.099170,1.107820,106960.0000
2020-05-29 00:00:00+00,1.107800,1.114540,1.106980,1.110530,119790.0000
2020-05-31 00:00:00+00,1.110430,1.111980,1.110250,1.111580,2123.0000
2020-06-01 00:00:00+00,1.111600,1.115410,1.110040,1.112540,97061.0000
2020-06-02 00:00:00+00,1.112560,1.119610,1.111540,1.118560,118248.0000
2020-06-03 00:00:00+00,1.118540,1.125790,1.117980,1.123520,125933.0000
2020-06-04 00:00:00+00,1.123530,1.136240,1.119460,1.133580,138819.0000
2020-06-05 00:00:00+00,1.133590,1.138390,1.127840,1.129150,124827.0000
2020-06-07 00:00:00+00,1.129820,1.132000,1.129340,1.131600,2476.0000
2020-06-08 00:00:00+00,1.131580,1.131870,1.126820,1.130430,101138.0000
2020-06-09 00:00:00+00,1.130410,1.136380,1.124100,1.133210,117288.0000
2020-06-10 00:00:00+00,1.133220,1.142220,1.132170,1.136680,135252.0000
2020-06-11 00:00:00+00,1.136700,1.140360,1.128740,1.128800,155507.0000
2020-06-12 00:00:00+00,1.128810,1.134060,1.121260,1.125540,148930.0000
2020-06-14 00:00:00+00,1.123440,1.125850,1.122660,1.125180,4787.0000
2020-06-15 00:00:00+00,1.125190,1.133820,1.122680,1.133780,146127.0000
2020-06-16 00:00:00+00,1.133760,1.135340,1.122770,1.126500,133804.0000
2020-06-17 00:00:00+00,1.126520,1.129420,1.120700,1.124190,121466.0000
2020-06-18 00:00:00+00,1.124180,1.126150,1.118550,1.120810,113723.0000
2020-06-19 00:00:00+00,1.120800,1.125440,1.116840,1.117760,103521.0000
2020-06-21 00:00:00+00,1.118190,1.118690,1.116840,1.117670,2217.0000
2020-06-22 00:00:00+00,1.117680,1.128100,1.117400,1.127780,90807.0000
2020-06-23 00:00:00+00,1.127770,1.134870,1.123330,1.131260,117120.0000
2020-06-24 00:00:00+00,1.131270,1.132600,1.124820,1.125020,112064.0000
2020-06-25 00:00:00+00,1.125030,1.125980,1.119060,1.121800,118167.0000
2020-06-26 00:00:00+00,1.121790,1.123950,1.119530,1.121840,81045.0000
2020-06-28 00:00:00+00,1.121870,1.122910,1.121760,1.122200,1263.0000
2020-06-29 00:00:00+00,1.122220,1.128780,1.121940,1.124680,84356.0000
2020-06-30 00:00:00+00,1.124690,1.126200,1.119100,1.123380,99552.0000
2020-07-01 00:00:00+00,1.123370,1.127510,1.118480,1.125160,89770.0000
2020-07-02 00:00:00+00,1.125140,1.130260,1.122340,1.123740,90814.0000
2020-07-03 00:00:00+00,1.123730,1.125180,1.121940,1.124790,58843.0000
2020-07-05 00:00:00+00,1.124730,1.124960,1.124300,1.124680,693.0000
2020-07-06 00:00:00+00,1.124700,1.134550,1.124680,1.131260,81958.0000
2020-07-07 00:00:00+00,1.131250,1.133250,1.125900,1.127470,92675.0000
2020-07-08 00:00:00+00,1.127480,1.135160,1.126240,1.133740,89869.0000
2020-07-09 00:00:00+00,1.133760,1.137080,1.128030,1.128840,104509.0000
2020-07-10 00:00:00+00,1.128850,1.132480,1.125480,1.130020,81040.0000
2020-07-12 00:00:00+00,1.130920,1.131740,1.130460,1.130860,1599.0000
2020-07-13 00:00:00+00,1.130880,1.137500,1.130090,1.134490,85897.0000
2020-07-14 00:00:00+00,1.134480,1.141240,1.132540,1.141040,106761.0000
2020-07-15 00:00:00+00,1.141060,1.145200,1.139100,1.141740,99741.0000
2020-07-16 00:00:00+00,1.141710,1.144180,1.137050,1.138800,102432.0000
2020-07-17 00:00:00+00,1.138780,1.144380,1.137780,1.142820,72308.0000
2020-07-19 00:00:00+00,1.141380,1.144570,1.141030,1.144220,2994.0000
2020-07-20 00:00:00+00,1.144230,1.146790,1.140240,1.145600,102354.0000
2020-07-21 00:00:00+00,1.145610,1.154220,1.142300,1.153500,112531.0000
2020-07-22 00:00:00+00,1.153520,1.160160,1.150690,1.156480,129486.0000
2020-07-23 00:00:00+00,1.156460,1.162690,1.154040,1.159520,116075.0000
2020-07-24 00:00:00+00,1.159540,1.165810,1.158120,1.165580,114224.0000
2020-07-26 00:00:00+00,1.164700,1.165560,1.164210,1.164980,3584.0000
2020-07-27 00:00:00+00,1.165000,1.178140,1.164980,1.176850,122684.0000
2020-07-28 00:00:00+00,1.176830,1.177360,1.169860,1.171880,124943.0000
2020-07-29 00:00:00+00,1.171860,1.180660,1.171400,1.178080,121394.0000
2020-07-30 00:00:00+00,1.178100,1.187680,1.173090,1.187220,131842.0000
2020-07-31 00:00:00+00,1.187210,1.190880,1.176120,1.177900,150785.0000
2020-08-02 00:00:00+00,1.177900,1.179680,1.177100,1.178140,2653.0000
2020-08-03 00:00:00+00,1.178120,1.178910,1.169590,1.176020,111831.0000
2020-08-04 00:00:00+00,1.176010,1.181520,1.172140,1.181390,114276.0000
2020-08-05 00:00:00+00,1.181410,1.190500,1.179940,1.187210,110143.0000
2020-08-06 00:00:00+00,1.187200,1.191680,1.181800,1.187560,128997.0000
2020-08-07 00:00:00+00,1.187540,1.188190,1.175520,1.178600,125633.0000
2020-08-09 00:00:00+00,1.179340,1.179340,1.177370,1.178120,1956.0000
2020-08-10 00:00:00+00,1.178140,1.180080,1.173600,1.173620,85699.0000
2020-08-11 00:00:00+00,1.173640,1.180810,1.172210,1.173500,121876.0000
2020-08-12 00:00:00+00,1.173520,1.181720,1.171120,1.179420,121105.0000
2020-08-13 00:00:00+00,1.179400,1.186420,1.179360,1.181580,110690.0000
2020-08-14 00:00:00+00,1.181560,1.185050,1.178170,1.184260,96996.0000
2020-08-16 00:00:00+00,1.184250,1.185300,1.183060,1.185200,1361.0000
2020-08-17 00:00:00+00,1.185180,1.188110,1.182880,1.187470,85135.0000
2020-08-18 00:00:00+00,1.187480,1.196570,1.187420,1.194660,114741.0000
2020-08-19 00:00:00+00,1.194640,1.195290,1.183050,1.184380,121536.0000
2020-08-20 00:00:00+00,1.184400,1.187120,1.180220,1.186960,131175.0000
2020-08-21 00:00:00+00,1.186970,1.188300,1.175410,1.179620,115812.0000
2020-08-23 00:00:00+00,1.179450,1.180680,1.179240,1.179840,1951.0000
2020-08-24 00:00:00+00,1.179850,1.184970,1.178420,1.179370,88977.0000
2020-08-25 00:00:00+00,1.179360,1.184370,1.178440,1.183430,102661.0000
2020-08-26 00:00:00+00,1.183410,1.184060,1.177230,1.184020,100364.0000
2020-08-27 00:00:00+00,1.184040,1.190210,1.176250,1.182060,164079.0000
2020-08-28 00:00:00+00,1.182080,1.191980,1.181100,1.190460,139428.0000
2020-08-30 00:00:00+00,1.190750,1.192030,1.190010,1.191720,3291.0000
2020-08-31 00:00:00+00,1.191700,1.196590,1.188410,1.193680,110856.0000
2020-09-01 00:00:00+00,1.193700,1.201140,1.190140,1.192280,143571.0000
2020-09-02 00:00:00+00,1.192260,1.192400,1.182220,1.184580,130105.0000
2020-09-03 00:00:00+00,1.184590,1.186460,1.178900,1.184150,133389.0000
2020-09-04 00:00:00+00,1.184160,1.186540,1.178100,1.183830,136824.0000
2020-09-06 00:00:00+00,1.184750,1.184930,1.183360,1.183440,1965.0000
2020-09-07 00:00:00+00,1.183460,1.184860,1.181190,1.181880,58480.0000
2020-09-08 00:00:00+00,1.181870,1.182740,1.175700,1.176680,137800.0000
2020-09-09 00:00:00+00,1.176700,1.183410,1.175260,1.180380,118088.0000
2020-09-10 00:00:00+00,1.180360,1.191740,1.180060,1.182340,143581.0000
2020-09-11 00:00:00+00,1.182360,1.187420,1.182360,1.184680,95465.0000
2020-09-13 00:00:00+00,1.183990,1.184780,1.183620,1.184060,1370.0000
2020-09-14 00:00:00+00,1.184050,1.188800,1.183200,1.186730,76545.0000
2020-09-15 00:00:00+00,1.186740,1.190060,1.183960,1.184210,87994.0000
2020-09-16 00:00:00+00,1.184220,1.188250,1.178790,1.180440,122363.0000
2020-09-17 00:00:00+00,1.180420,1.185620,1.173720,1.184700,128697.0000
2020-09-18 00:00:00+00,1.184720,1.187040,1.182620,1.184000,90759.0000
2020-09-20 00:00:00+00,1.184230,1.185020,1.184010,1.184560,1824.0000
2020-09-21 00:00:00+00,1.184550,1.187200,1.173160,1.176300,122936.0000
2020-09-22 00:00:00+00,1.176280,1.177170,1.169160,1.170610,127907.0000
2020-09-23 00:00:00+00,1.170630,1.171900,1.165140,1.165690,121431.0000
2020-09-24 00:00:00+00,1.165700,1.168690,1.162650,1.167380,117906.0000
2020-09-25 00:00:00+00,1.167360,1.168520,1.161240,1.163150,100959.0000
2020-09-27 00:00:00+00,1.162600,1.163810,1.162520,1.163430,1406.0000
2020-09-28 00:00:00+00,1.163440,1.168020,1.161540,1.167710,89007.0000
2020-09-29 00:00:00+00,1.167700,1.174560,1.166520,1.174200,92069.0000
2020-09-30 00:00:00+00,1.174180,1.175520,1.168450,1.172340,116671.0000
2020-10-01 00:00:00+00,1.172360,1.176980,1.171730,1.174410,124809.0000
2020-10-02 00:00:00+00,1.174400,1.174460,1.169590,1.171670,122771.0000
2020-10-04 00:00:00+00,1.171300,1.172020,1.170580,1.171960,2662.0000
2020-10-05 00:00:00+00,1.171980,1.179760,1.171780,1.178900,79583.0000
2020-10-06 00:00:00+00,1.178880,1.180780,1.173040,1.173720,105317.0000
2020-10-07 00:00:00+00,1.173740,1.178190,1.172510,1.176580,89891.0000
2020-10-08 00:00:00+00,1.176570,1.178180,1.173270,1.176700,75367.0000
2020-10-09 00:00:00+00,1.176720,1.183120,1.175770,1.182830,75487.0000
2020-10-11 00:00:00+00,1.181270,1.182290,1.181110,1.181580,2339.0000
2020-10-12 00:00:00+00,1.181560,1.182690,1.178680,1.181300,62184.0000
2020-10-13 00:00:00+00,1.181320,1.181410,1.173040,1.174240,81240.0000
2020-10-14 00:00:00+00,1.174220,1.177110,1.171980,1.174460,75807.0000
2020-10-15 00:00:00+00,1.174480,1.175800,1.168860,1.170660,88502.0000
2020-10-16 00:00:00+00,1.170660,1.174620,1.169400,1.171710,77088.0000
2020-10-18 00:00:00+00,1.172100,1.172200,1.171140,1.171560,1763.0000
2020-10-19 00:00:00+00,1.171540,1.179380,1.170330,1.176840,74037.0000
2020-10-20 00:00:00+00,1.176850,1.184080,1.175990,1.182920,76275.0000
2020-10-21 00:00:00+00,1.182900,1.188080,1.182810,1.185160,93295.0000
2020-10-22 00:00:00+00,1.185140,1.186700,1.181140,1.181480,80658.0000
2020-10-23 00:00:00+00,1.181460,1.186500,1.178680,1.186110,76977.0000
2020-10-25 00:00:00+00,1.185290,1.186050,1.183940,1.184820,3300.0000
2020-10-26 00:00:00+00,1.184800,1.185070,1.180330,1.180920,77152.0000
2020-10-27 00:00:00+00,1.180910,1.183880,1.176950,1.178170,71230.0000
2020-10-28 00:00:00+00,1.178190,1.178800,1.171780,1.174840,97853.0000
2020-10-29 00:00:00+00,1.174840,1.175890,1.165020,1.167840,106535.0000
2020-10-30 00:00:00+00,1.167830,1.170430,1.164000,1.164760,97068.0000
2020-11-01 00:00:00+00,1.165010,1.165060,1.163860,1.164160,1636.0000
2020-11-02 00:00:00+00,1.164140,1.165580,1.162220,1.164060,78437.0000
2020-11-03 00:00:00+00,1.164040,1.176420,1.163720,1.176200,77647.0000
2020-11-04 00:00:00+00,1.176220,1.177060,1.160270,1.173240,194231.0000
2020-11-05 00:00:00+00,1.173220,1.185980,1.171090,1.181700,142943.0000
2020-11-06 00:00:00+00,1.181720,1.189100,1.179540,1.187370,123862.0000
2020-11-08 00:00:00+00,1.189060,1.189520,1.188380,1.189260,2214.0000
2020-11-09 00:00:00+00,1.189260,1.192020,1.179550,1.182440,177969.0000
2020-11-10 00:00:00+00,1.182420,1.184340,1.177970,1.181850,137801.0000
2020-11-11 00:00:00+00,1.181840,1.183300,1.174560,1.177960,86046.0000
2020-11-12 00:00:00+00,1.177940,1.182320,1.175870,1.180410,91117.0000
2020-11-13 00:00:00+00,1.180420,1.183750,1.179900,1.183480,67099.0000
2020-11-15 00:00:00+00,1.184190,1.184900,1.182920,1.184480,1689.0000
2020-11-16 00:00:00+00,1.184470,1.186900,1.181420,1.185940,91384.0000
2020-11-17 00:00:00+00,1.185920,1.189380,1.184260,1.186370,75487.0000
2020-11-18 00:00:00+00,1.186360,1.189120,1.184490,1.184520,77706.0000
2020-11-19 00:00:00+00,1.184520,1.188260,1.181630,1.186550,81423.0000
2020-11-20 00:00:00+00,1.186560,1.189080,1.184980,1.185640,69068.0000
2020-11-22 00:00:00+00,1.185580,1.186600,1.185400,1.186560,1037.0000
2020-11-23 00:00:00+00,1.186580,1.190600,1.180010,1.184240,83314.0000
2020-11-24 00:00:00+00,1.184260,1.189780,1.183840,1.189760,81425.0000
2020-11-25 00:00:00+00,1.189780,1.192980,1.188190,1.191650,93640.0000
2020-11-26 00:00:00+00,1.191660,1.194100,1.188540,1.191100,49811.0000
2020-11-27 00:00:00+00,1.191120,1.196430,1.190940,1.196340,59032.0000
2020-11-29 00:00:00+00,1.196180,1.197400,1.196180,1.197200,1594.0000
2020-11-30 00:00:00+00,1.197220,1.200330,1.192320,1.193750,92304.0000
2020-12-01 00:00:00+00,1.193740,1.207660,1.193540,1.207070,96093.0000
2020-12-02 00:00:00+00,1.207080,1.211860,1.204000,1.211410,102492.0000
2020-12-03 00:00:00+00,1.211420,1.217460,1.210100,1.214520,96340.0000
2020-12-04 00:00:00+00,1.214510,1.217750,1.211040,1.212160,99778.0000
2020-12-06 00:00:00+00,1.213230,1.213300,1.211980,1.212020,1163.0000
2020-12-07 00:00:00+00,1.212000,1.216640,1.207860,1.210950,96121.0000
2020-12-08 00:00:00+00,1.210940,1.213410,1.209540,1.210960,92660.0000
2020-12-09 00:00:00+00,1.210940,1.214740,1.205880,1.207860,89648.0000
2020-12-10 00:00:00+00,1.207870,1.215910,1.207870,1.214360,115201.0000
2020-12-11 00:00:00+00,1.214340,1.216300,1.210540,1.211220,88901.0000
2020-12-13 00:00:00+00,1.213790,1.214400,1.213300,1.213320,1169.0000
2020-12-14 00:00:00+00,1.213330,1.217680,1.211570,1.214880,78019.0000
2020-12-15 00:00:00+00,1.214860,1.216900,1.212120,1.215440,79290.0000
2020-12-16 00:00:00+00,1.215420,1.221200,1.212520,1.219620,93119.0000
2020-12-17 00:00:00+00,1.219600,1.227280,1.219000,1.226160,83464.0000
2020-12-18 00:00:00+00,1.226170,1.226880,1.222560,1.225630,73883.0000
2020-12-20 00:00:00+00,1.222210,1.223510,1.221150,1.221190,1619.0000
2020-12-21 00:00:00+00,1.221180,1.225300,1.212940,1.223500,128186.0000
2020-12-22 00:00:00+00,1.223520,1.225710,1.215230,1.218720,92867.0000
2020-12-23 00:00:00+00,1.218700,1.222110,1.215420,1.219420,91001.0000
2020-12-24 00:00:00+00,1.219430,1.221580,1.217740,1.218490,45557.0000
2020-12-27 00:00:00+00,1.218920,1.220720,1.218740,1.220400,1188.0000
2020-12-28 00:00:00+00,1.220420,1.225050,1.218120,1.221970,72979.0000
2020-12-29 00:00:00+00,1.221950,1.227520,1.221940,1.225230,72928.0000
2020-12-30 00:00:00+00,1.225210,1.231020,1.225150,1.229860,82368.0000
2020-12-31 00:00:00+00,1.229860,1.230940,1.220940,1.221560,76546.0000
2021-01-03 00:00:00+00,1.224000,1.225280,1.223120,1.225000,1839.0000
2021-01-04 00:00:00+00,1.224980,1.230980,1.223880,1.225270,112311.0000
2021-01-05 00:00:00+00,1.225260,1.230570,1.224720,1.229880,98510.0000
2021-01-06 00:00:00+00,1.229900,1.234960,1.226560,1.233840,146960.0000
2021-01-07 00:00:00+00,1.233860,1.234460,1.224510,1.226900,116727.0000
2021-01-08 00:00:00+00,1.226920,1.228480,1.219310,1.222090,130625.0000
2021-01-10 00:00:00+00,1.221900,1.222750,1.218250,1.218720,2826.0000
2021-01-11 00:00:00+00,1.218700,1.219990,1.213220,1.216080,103065.0000
2021-01-12 00:00:00+00,1.216070,1.220980,1.213720,1.220880,98393.0000
2021-01-13 00:00:00+00,1.220900,1.222290,1.213980,1.216200,93680.0000
2021-01-14 00:00:00+00,1.216220,1.217860,1.211100,1.215060,104373.0000
2021-01-15 00:00:00+00,1.215070,1.216260,1.207500,1.208040,91103.0000
2021-01-17 00:00:00+00,1.208400,1.208640,1.206610,1.206640,1981.0000
2021-01-18 00:00:00+00,1.206620,1.208680,1.205360,1.207780,61440.0000
2021-01-19 00:00:00+00,1.207760,1.214500,1.207750,1.213950,81516.0000
2021-01-20 00:00:00+00,1.213940,1.215840,1.207660,1.211460,88728.0000
2021-01-21 00:00:00+00,1.211450,1.217320,1.210940,1.216560,96053.0000
2021-01-22 00:00:00+00,1.216580,1.218960,1.215160,1.217180,85008.0000
2021-01-24 00:00:00+00,1.217160,1.217280,1.216390,1.216720,1065.0000
2021-01-25 00:00:00+00,1.216730,1.218340,1.211610,1.214280,99467.0000
2021-01-26 00:00:00+00,1.214270,1.217600,1.210780,1.216340,95522.0000
2021-01-27 00:00:00+00,1.216340,1.216990,1.205850,1.210300,133897.0000
2021-01-28 00:00:00+00,1.210280,1.214240,1.208080,1.212100,133865.0000
2021-01-29 00:00:00+00,1.212080,1.215600,1.209450,1.213760,137711.0000
2021-01-31 00:00:00+00,1.213100,1.213420,1.212040,1.212300,3368.0000
2021-02-01 00:00:00+00,1.212280,1.213650,1.205610,1.206780,107263.0000
2021-02-02 00:00:00+00,1.206770,1.208780,1.201160,1.203680,103090.0000
2021-02-03 00:00:00+00,1.203700,1.205020,1.200420,1.204160,81702.0000
2021-02-04 00:00:00+00,1.204170,1.204290,1.195740,1.196630,89272.0000
2021-02-05 00:00:00+00,1.196610,1.205020,1.195240,1.204660,89230.0000
2021-02-07 00:00:00+00,1.203820,1.205540,1.203710,1.204860,1955.0000
2021-02-08 00:00:00+00,1.204890,1.206610,1.201980,1.205240,71828.0000
2021-02-09 00:00:00+00,1.205230,1.212200,1.204940,1.211620,87982.0000
2021-02-10 00:00:00+00,1.211640,1.214410,1.210880,1.211900,86878.0000
2021-02-11 00:00:00+00,1.211920,1.214960,1.211360,1.213060,66475.0000
2021-02-12 00:00:00+00,1.213080,1.213320,1.208160,1.212040,70284.0000
2021-02-14 00:00:00+00,1.212520,1.212560,1.212000,1.212040,1154.0000
2021-02-15 00:00:00+00,1.212060,1.214520,1.211680,1.213230,47325.0000
2021-02-16 00:00:00+00,1.213220,1.216960,1.208610,1.208840,88001.0000
2021-02-17 00:00:00+00,1.208820,1.209850,1.202330,1.204550,91784.0000
2021-02-18 00:00:00+00,1.204560,1.209570,1.203570,1.209200,82750.0000
2021-02-19 00:00:00+00,1.209180,1.214450,1.208240,1.211840,79097.0000
2021-02-21 00:00:00+00,1.211730,1.212920,1.211500,1.212470,2112.0000
2021-02-22 00:00:00+00,1.212490,1.216940,1.209120,1.216400,100775.0000
2021-02-23 00:00:00+00,1.216400,1.218000,1.213540,1.215090,99694.0000
2021-02-24 00:00:00+00,1.215080,1.217480,1.210920,1.216950,127537.0000
2021-02-25 00:00:00+00,1.216960,1.224310,1.215600,1.215780,169759.0000
2021-02-26 00:00:00+00,1.215800,1.218280,1.206220,1.207340,193399.0000
2021-02-28 00:00:00+00,1.207130,1.209220,1.207100,1.209060,2881.0000
2021-03-01 00:00:00+00,1.209070,1.210120,1.202750,1.204880,109495.0000
2021-03-02 00:00:00+00,1.204860,1.209450,1.199180,1.208500,107044.0000
2021-03-03 00:00:00+00,1.208510,1.211340,1.204280,1.204640,110075.0000
2021-03-04 00:00:00+00,1.204660,1.206320,1.196080,1.196730,145472.0000
2021-03-05 00:00:00+00,1.196720,1.196880,1.189340,1.191300,165063.0000
2021-03-07 00:00:00+00,1.191880,1.193200,1.191760,1.192620,3255.0000
2021-03-08 00:00:00+00,1.192610,1.193240,1.184420,1.185090,129532.0000
2021-03-09 00:00:00+00,1.185100,1.191580,1.183560,1.189700,125571.0000
2021-03-10 00:00:00+00,1.189680,1.192990,1.186900,1.192440,114140.0000
2021-03-11 00:00:00+00,1.192430,1.199000,1.191580,1.198110,113975.0000
2021-03-12 00:00:00+00,1.198090,1.198860,1.190990,1.195250,108447.0000
2021-03-14 00:00:00+00,1.195160,1.195440,1.194260,1.195020,2742.0000
2021-03-15 00:00:00+00,1.195020,1.196740,1.191120,1.192640,79504.0000
2021-03-16 00:00:00+00,1.192650,1.195190,1.188220,1.190220,85476.0000
2021-03-17 00:00:00+00,1.190190,1.198750,1.188630,1.198280,93563.0000
2021-03-18 00:00:00+00,1.198260,1.198900,1.190620,1.191780,111561.0000
2021-03-19 00:00:00+00,1.191760,1.193710,1.187390,1.190420,92244.0000
2021-03-21 00:00:00+00,1.187400,1.189020,1.186760,1.188380,2828.0000
2021-03-22 00:00:00+00,1.188400,1.194700,1.187460,1.193230,74314.0000
2021-03-23 00:00:00+00,1.193250,1.194090,1.183620,1.183960,81702.0000
2021-03-24 00:00:00+00,1.183980,1.185110,1.180900,1.181290,82285.0000
2021-03-25 00:00:00+00,1.181300,1.182780,1.176180,1.177580,91309.0000
2021-03-26 00:00:00+00,1.177600,1.180500,1.177180,1.179410,67460.0000
2021-03-28 00:00:00+00,1.179440,1.179440,1.178580,1.178760,1495.0000
2021-03-29 00:00:00+00,1.178740,1.179380,1.176060,1.176880,74871.0000
2021-03-30 00:00:00+00,1.176850,1.177380,1.171140,1.172320,71335.0000
2021-03-31 00:00:00+00,1.172330,1.176000,1.170420,1.172720,75963.0000
2021-04-01 00:00:00+00,1.172710,1.178270,1.171260,1.177760,71101.0000
2021-04-02 00:00:00+00,1.177780,1.178680,1.174940,1.176020,26013.0000
2021-04-04 00:00:00+00,1.176080,1.176810,1.175580,1.176770,2467.0000
2021-04-05 00:00:00+00,1.176760,1.181960,1.173760,1.181700,38693.0000
2021-04-06 00:00:00+00,1.181690,1.187880,1.179500,1.187390,65432.0000
2021-04-07 00:00:00+00,1.187400,1.191490,1.186080,1.187260,74783.0000
2021-04-08 00:00:00+00,1.187280,1.192750,1.186080,1.191550,65502.0000
2021-04-09 00:00:00+00,1.191540,1.192020,1.186710,1.189980,63413.0000
2021-04-11 00:00:00+00,1.189060,1.190420,1.189050,1.189600,1818.0000
2021-04-12 00:00:00+00,1.189610,1.191920,1.187120,1.191180,61099.0000
2021-04-13 00:00:00+00,1.191160,1.195600,1.187800,1.195380,83356.0000
2021-04-14 00:00:00+00,1.195400,1.198740,1.195110,1.198330,67806.0000
2021-04-15 00:00:00+00,1.198320,1.199340,1.195620,1.196940,68824.0000
2021-04-16 00:00:00+00,1.196930,1.199500,1.195060,1.198220,58606.0000
2021-04-18 00:00:00+00,1.197340,1.197780,1.196820,1.196890,1900.0000
2021-04-19 00:00:00+00,1.196880,1.204800,1.194260,1.204260,76398.0000
2021-04-20 00:00:00+00,1.204280,1.207990,1.202240,1.203250,79272.0000
2021-04-21 00:00:00+00,1.203260,1.204380,1.199850,1.203730,64599.0000
2021-04-22 00:00:00+00,1.203710,1.206980,1.199380,1.201450,87732.0000
2021-04-23 00:00:00+00,1.201460,1.210020,1.201290,1.209680,69408.0000
2021-04-25 00:00:00+00,1.209260,1.209860,1.208900,1.208960,1581.0000
2021-04-26 00:00:00+00,1.208980,1.211700,1.206120,1.207940,69534.0000
2021-04-27 00:00:00+00,1.207920,1.209300,1.205690,1.208930,64336.0000
2021-04-28 00:00:00+00,1.208920,1.213550,1.205610,1.213500,89165.0000
2021-04-29 00:00:00+00,1.213520,1.215000,1.210240,1.212460,73821.0000
2021-04-30 00:00:00+00,1.212450,1.212670,1.201680,1.202000,76197.0000
2021-05-02 00:00:00+00,1.203360,1.203460,1.202470,1.202740,1342.0000
2021-05-03 00:00:00+00,1.202750,1.207630,1.201320,1.205900,58981.0000
2021-05-04 00:00:00+00,1.205920,1.206010,1.199900,1.201470,79279.0000
2021-05-05 00:00:00+00,1.201460,1.202660,1.198600,1.200760,63795.0000
2021-05-06 00:00:00+00,1.200770,1.207170,1.199320,1.206530,67623.0000
2021-05-07 00:00:00+00,1.206520,1.217160,1.205300,1.216320,95821.0000
2021-05-09 00:00:00+00,1.216400,1.217890,1.216010,1.217080,2279.0000
2021-05-10 00:00:00+00,1.217060,1.217840,1.212780,1.214060,86012.0000
2021-05-11 00:00:00+00,1.214080,1.218180,1.212300,1.214420,98463.0000
2021-05-12 00:00:00+00,1.214440,1.215240,1.206560,1.207780,129021.0000
2021-05-13 00:00:00+00,1.207760,1.210620,1.205140,1.207680,118363.0000
2021-05-14 00:00:00+00,1.207700,1.214780,1.207100,1.214570,85750.0000
2021-05-16 00:00:00+00,1.214740,1.215120,1.214000,1.214980,1442.0000
2021-05-17 00:00:00+00,1.214980,1.216900,1.212620,1.215640,78258.0000
2021-05-18 00:00:00+00,1.215620,1.223400,1.215360,1.222250,81353.0000
2021-05-19 00:00:00+00,1.222260,1.224540,1.215970,1.217050,121225.0000
2021-05-20 00:00:00+00,1.217060,1.223010,1.216920,1.222520,84356.0000
2021-05-21 00:00:00+00,1.222520,1.223990,1.216080,1.218170,93254.0000
2021-05-23 00:00:00+00,1.217680,1.218440,1.217240,1.218060,1815.0000
2021-05-24 00:00:00+00,1.218040,1.223000,1.217490,1.221440,80485.0000
2021-05-25 00:00:00+00,1.221430,1.226640,1.221160,1.224700,96680.0000
2021-05-26 00:00:00+00,1.224710,1.226300,1.218190,1.219210,90637.0000
2021-05-27 00:00:00+00,1.219200,1.221520,1.217520,1.219280,98337.0000
2021-05-28 00:00:00+00,1.219290,1.220500,1.213260,1.219210,94323.0000
2021-05-30 00:00:00+00,1.220100,1.220100,1.218920,1.218950,1549.0000
2021-05-31 00:00:00+00,1.218960,1.223460,1.218340,1.223260,49123.0000
2021-06-01 00:00:00+00,1.223280,1.225450,1.221160,1.221760,81349.0000
2021-06-02 00:00:00+00,1.221740,1.222660,1.216400,1.220960,83890.0000
2021-06-03 00:00:00+00,1.220980,1.221420,1.211820,1.213000,96330.0000
2021-06-04 00:00:00+00,1.213020,1.218560,1.210400,1.216680,92368.0000
2021-06-06 00:00:00+00,1.216680,1.216820,1.216130,1.216670,983.0000
2021-06-07 00:00:00+00,1.216680,1.220180,1.214490,1.219080,64152.0000
2021-06-08 00:00:00+00,1.219070,1.219400,1.216420,1.217240,76351.0000
2021-06-09 00:00:00+00,1.217260,1.221810,1.217120,1.217860,57269.0000
2021-06-10 00:00:00+00,1.217840,1.219490,1.214330,1.217280,105493.0000
2021-06-11 00:00:00+00,1.217260,1.219300,1.209260,1.210900,69750.0000
2021-06-13 00:00:00+00,1.210880,1.211200,1.210350,1.210960,1437.0000
2021-06-14 00:00:00+00,1.210980,1.213060,1.209440,1.212200,62541.0000
2021-06-15 00:00:00+00,1.212180,1.214740,1.210130,1.212470,69448.0000
2021-06-16 00:00:00+00,1.212480,1.213480,1.198680,1.199520,114182.0000
2021-06-17 00:00:00+00,1.199510,1.200650,1.189180,1.191320,136647.0000
2021-06-18 00:00:00+00,1.191300,1.192510,1.184740,1.186420,141687.0000
2021-06-20 00:00:00+00,1.185720,1.187560,1.185020,1.187060,1821.0000
2021-06-21 00:00:00+00,1.187050,1.192140,1.184770,1.191200,118519.0000
2021-06-22 00:00:00+00,1.191240,1.195280,1.188110,1.193640,98610.0000
2021-06-23 00:00:00+00,1.193630,1.197020,1.191160,1.192980,93234.0000
2021-06-24 00:00:00+00,1.193000,1.195640,1.191760,1.192810,87545.0000
2021-06-25 00:00:00+00,1.192820,1.197540,1.192640,1.193610,81274.0000
2021-06-27 00:00:00+00,1.193550,1.194220,1.193400,1.194160,1356.0000
2021-06-28 00:00:00+00,1.194180,1.194470,1.190240,1.192880,81959.0000
2021-06-29 00:00:00+00,1.192900,1.193000,1.187780,1.190030,81335.0000
2021-06-30 00:00:00+00,1.190010,1.190900,1.184510,1.185610,95099.0000
2021-07-01 00:00:00+00,1.185620,1.188420,1.183740,1.184580,90485.0000
2021-07-02 00:00:00+00,1.184560,1.187430,1.180750,1.186540,97165.0000
2021-07-04 00:00:00+00,1.186650,1.187050,1.185570,1.185580,1130.0000
2021-07-05 00:00:00+00,1.185600,1.188080,1.185140,1.186260,53261.0000
2021-07-06 00:00:00+00,1.186240,1.189540,1.180700,1.182220,106321.0000
2021-07-07 00:00:00+00,1.182240,1.183610,1.178150,1.179310,98311.0000
2021-07-08 00:00:00+00,1.179300,1.186800,1.178360,1.184650,124957.0000
2021-07-09 00:00:00+00,1.184660,1.188120,1.182500,1.187700,82668.0000
2021-07-11 00:00:00+00,1.187600,1.187800,1.186600,1.187250,1899.0000
2021-07-12 00:00:00+00,1.187240,1.188020,1.183600,1.186280,69141.0000
2021-07-13 00:00:00+00,1.186280,1.187520,1.177210,1.177500,93367.0000
2021-07-14 00:00:00+00,1.177480,1.183880,1.177190,1.183320,85373.0000
2021-07-15 00:00:00+00,1.183340,1.185070,1.179620,1.181150,83898.0000
2021-07-16 00:00:00+00,1.181140,1.182250,1.179220,1.180520,72330.0000
2021-07-18 00:00:00+00,1.181000,1.181390,1.180340,1.181250,1188.0000
2021-07-19 00:00:00+00,1.181260,1.182460,1.176380,1.179190,99307.0000
2021-07-20 00:00:00+00,1.179180,1.180260,1.175560,1.178120,98011.0000
2021-07-21 00:00:00+00,1.178140,1.180480,1.175180,1.179240,78704.0000
2021-07-22 00:00:00+00,1.179260,1.183060,1.175740,1.177240,98009.0000
2021-07-23 00:00:00+00,1.177260,1.178660,1.175440,1.177170,61948.0000
2021-07-25 00:00:00+00,1.177350,1.177490,1.176930,1.177320,871.0000
2021-07-26 00:00:00+00,1.177300,1.181740,1.176350,1.180490,75645.0000
2021-07-27 00:00:00+00,1.180480,1.184120,1.177010,1.182040,86665.0000
2021-07-28 00:00:00+00,1.182060,1.184990,1.177220,1.184560,108866.0000
2021-07-29 00:00:00+00,1.184580,1.189440,1.184070,1.189040,71811.0000
2021-07-30 00:00:00+00,1.189020,1.190880,1.185160,1.186710,77669.0000
2021-08-01 00:00:00+00,1.186600,1.187020,1.186240,1.186620,762.0000
2021-08-02 00:00:00+00,1.186600,1.189710,1.185900,1.187410,64710.0000
2021-08-03 00:00:00+00,1.187420,1.189340,1.185360,1.186960,64724.0000
2021-08-04 00:00:00+00,1.186940,1.189980,1.183280,1.183760,73450.0000
2021-08-05 00:00:00+00,1.183750,1.185740,1.182800,1.183330,67599.0000
2021-08-06 00:00:00+00,1.183320,1.183350,1.175440,1.176160,74623.0000
2021-08-08 00:00:00+00,1.176430,1.176430,1.174250,1.174780,3459.0000
2021-08-09 00:00:00+00,1.174790,1.176900,1.173480,1.173620,61504.0000
2021-08-10 00:00:00+00,1.173600,1.174280,1.170940,1.171960,70210.0000
2021-08-11 00:00:00+00,1.171980,1.175400,1.170600,1.174180,74764.0000
2021-08-12 00:00:00+00,1.174160,1.174830,1.172370,1.173580,60233.0000
2021-08-13 00:00:00+00,1.173600,1.180490,1.173040,1.179520,54387.0000
2021-08-15 00:00:00+00,1.179610,1.180120,1.179180,1.179420,837.0000
2021-08-16 00:00:00+00,1.179400,1.180080,1.176740,1.177780,60682.0000
2021-08-17 00:00:00+00,1.177770,1.178490,1.170200,1.170940,88104.0000
2021-08-18 00:00:00+00,1.170920,1.174280,1.169360,1.170280,84768.0000
2021-08-19 00:00:00+00,1.170290,1.170430,1.166560,1.167660,95960.0000
2021-08-20 00:00:00+00,1.167680,1.170460,1.166400,1.169900,64824.0000
2021-08-22 00:00:00+00,1.169700,1.170200,1.169300,1.169690,1213.0000
2021-08-23 00:00:00+00,1.169700,1.175040,1.169530,1.174420,61777.0000
2021-08-24 00:00:00+00,1.174410,1.176520,1.172720,1.175290,56617.0000
2021-08-25 00:00:00+00,1.175300,1.177440,1.172620,1.177200,62788.0000
2021-08-26 00:00:00+00,1.177180,1.177900,1.174600,1.175380,67049.0000
2021-08-27 00:00:00+00,1.175370,1.180250,1.173500,1.179440,82193.0000
2021-08-29 00:00:00+00,1.179600,1.180060,1.179240,1.179830,1206.0000
2021-08-30 00:00:00+00,1.179840,1.180990,1.178280,1.179660,44800.0000
2021-08-31 00:00:00+00,1.179640,1.184520,1.179550,1.180990,81204.0000
2021-09-01 00:00:00+00,1.181000,1.185730,1.179370,1.184090,72369.0000
2021-09-02 00:00:00+00,1.184100,1.187610,1.183440,1.187380,54112.0000
2021-09-03 00:00:00+00,1.187400,1.190920,1.186580,1.187910,78691.0000
2021-09-05 00:00:00+00,1.188020,1.188640,1.187860,1.188550,903.0000
2021-09-06 00:00:00+00,1.188560,1.188600,1.185600,1.187320,31545.0000
2021-09-07 00:00:00+00,1.187340,1.188530,1.183740,1.184300,69563.0000
2021-09-08 00:00:00+00,1.184280,1.185110,1.180200,1.181880,74906.0000
2021-09-09 00:00:00+00,1.181860,1.184140,1.180520,1.182320,77945.0000
2021-09-10 00:00:00+00,1.182340,1.185120,1.180950,1.181070,66484.0000
2021-09-12 00:00:00+00,1.181560,1.181640,1.180880,1.181160,898.0000
2021-09-13 00:00:00+00,1.181160,1.181710,1.177010,1.180980,64287.0000
2021-09-14 00:00:00+00,1.180970,1.184590,1.180020,1.180260,77469.0000
2021-09-15 00:00:00+00,1.180240,1.183200,1.179930,1.181910,72805.0000
2021-09-16 00:00:00+00,1.181900,1.182060,1.175050,1.176500,77716.0000
2021-09-17 00:00:00+00,1.176500,1.178900,1.172430,1.172430,71225.0000
2021-09-19 00:00:00+00,1.173190,1.173200,1.172340,1.172960,1006.0000
2021-09-20 00:00:00+00,1.172940,1.173650,1.170020,1.172700,68795.0000
2021-09-21 00:00:00+00,1.172680,1.174870,1.171480,1.172290,73896.0000
2021-09-22 00:00:00+00,1.172300,1.175560,1.168440,1.168740,105532.0000
2021-09-23 00:00:00+00,1.168750,1.175030,1.168340,1.174000,83001.0000
2021-09-24 00:00:00+00,1.174010,1.174770,1.170080,1.172060,60010.0000
2021-09-26 00:00:00+00,1.172810,1.172810,1.171570,1.172260,10196.0000
2021-09-27 00:00:00+00,1.172280,1.172520,1.168460,1.169580,74178.0000
2021-09-28 00:00:00+00,1.169560,1.170330,1.166820,1.168620,93403.0000
2021-09-29 00:00:00+00,1.168600,1.169030,1.158940,1.160160,89138.0000
2021-09-30 00:00:00+00,1.160140,1.160980,1.156260,1.157380,99335.0000
2021-10-01 00:00:00+00,1.157360,1.160740,1.156300,1.159300,88733.0000
2021-10-03 00:00:00+00,1.159800,1.161120,1.159380,1.160660,1684.0000
2021-10-04 00:00:00+00,1.160640,1.164020,1.158780,1.161620,82459.0000
2021-10-05 00:00:00+00,1.161630,1.162020,1.158060,1.159560,78437.0000
2021-10-06 00:00:00+00,1.159580,1.159790,1.152910,1.155520,95071.0000
2021-10-07 00:00:00+00,1.155510,1.157240,1.154740,1.155940,73383.0000
2021-10-08 00:00:00+00,1.155930,1.158620,1.154140,1.157440,83867.0000
2021-10-10 00:00:00+00,1.157150,1.157620,1.156370,1.156540,1031.0000
2021-10-11 00:00:00+00,1.156560,1.158680,1.154790,1.155330,56532.0000
2021-10-12 00:00:00+00,1.155340,1.157030,1.152440,1.153050,72579.0000
2021-10-13 00:00:00+00,1.153060,1.159950,1.153000,1.159690,89704.0000
2021-10-14 00:00:00+00,1.159700,1.162440,1.158400,1.159040,61847.0000
2021-10-15 00:00:00+00,1.159060,1.161880,1.158820,1.159900,75142.0000
2021-10-17 00:00:00+00,1.159310,1.160540,1.159310,1.159660,2233.0000
2021-10-18 00:00:00+00,1.159680,1.162260,1.157180,1.161320,78760.0000
2021-10-19 00:00:00+00,1.161340,1.166950,1.161320,1.163130,72714.0000
2021-10-20 00:00:00+00,1.163140,1.165870,1.161700,1.165240,74063.0000
2021-10-21 00:00:00+00,1.165260,1.166760,1.161960,1.162480,78109.0000
2021-10-22 00:00:00+00,1.162460,1.165580,1.162140,1.164590,72967.0000
2021-10-24 00:00:00+00,1.164120,1.164540,1.163580,1.163930,1349.0000
2021-10-25 00:00:00+00,1.163950,1.166540,1.159060,1.160880,68477.0000
2021-10-26 00:00:00+00,1.160890,1.162580,1.158490,1.159630,67222.0000
2021-10-27 00:00:00+00,1.159660,1.162620,1.158480,1.159860,88019.0000
2021-10-28 00:00:00+00,1.159840,1.169230,1.158230,1.168220,104846.0000
2021-10-29 00:00:00+00,1.168240,1.169010,1.153520,1.156190,96059.0000
2021-10-31 00:00:00+00,1.155960,1.156520,1.155550,1.155630,1779.0000
2021-11-01 00:00:00+00,1.155640,1.160900,1.154610,1.159960,70238.0000
2021-11-02 00:00:00+00,1.159970,1.161360,1.157520,1.157920,63254.0000
2021-11-03 00:00:00+00,1.157920,1.161650,1.156240,1.161540,93000.0000
2021-11-04 00:00:00+00,1.161530,1.161620,1.152820,1.155540,83481.0000
2021-11-05 00:00:00+00,1.155520,1.157360,1.151330,1.156800,89447.0000
2021-11-07 00:00:00+00,1.155900,1.156990,1.155710,1.156820,2548.0000
2021-11-08 00:00:00+00,1.156800,1.159500,1.155050,1.158780,62439.0000
2021-11-09 00:00:00+00,1.158770,1.160890,1.156980,1.159420,80044.0000
2021-11-10 00:00:00+00,1.159400,1.159540,1.147620,1.148560,108958.0000
2021-11-11 00:00:00+00,1.148540,1.148760,1.144300,1.144770,56470.0000
2021-11-12 00:00:00+00,1.144790,1.146230,1.143300,1.144330,68113.0000
2021-11-14 00:00:00+00,1.144860,1.144940,1.144120,1.144120,417.0000
2021-11-15 00:00:00+00,1.144140,1.146400,1.135640,1.136700,76291.0000
2021-11-16 00:00:00+00,1.136680,1.138580,1.130900,1.131820,86718.0000
2021-11-17 00:00:00+00,1.131840,1.133220,1.126370,1.131780,83824.0000
2021-11-18 00:00:00+00,1.131790,1.137420,1.131380,1.136790,71016.0000
2021-11-19 00:00:00+00,1.136810,1.136920,1.124980,1.128190,102739.0000
2021-11-22 00:00:00+00,1.128140,1.129050,1.123080,1.124200,100491.0000
2021-11-23 00:00:00+00,1.124180,1.127510,1.122600,1.124460,98008.0000
2021-11-24 00:00:00+00,1.124470,1.125540,1.118610,1.120260,97609.0000
2021-11-25 00:00:00+00,1.120280,1.122980,1.120280,1.120930,36633.0000
2021-11-26 00:00:00+00,1.120920,1.133430,1.120700,1.131020,129254.0000
2021-11-28 00:00:00+00,1.130260,1.131630,1.128080,1.129260,2816.0000
2021-11-29 00:00:00+00,1.129240,1.130060,1.125830,1.129280,102511.0000
2021-11-30 00:00:00+00,1.129290,1.138300,1.123500,1.133000,120730.0000
2021-12-01 00:00:00+00,1.133010,1.135980,1.130260,1.131910,85102.0000
2021-12-02 00:00:00+00,1.131900,1.134780,1.129530,1.130590,66651.0000
2021-12-03 00:00:00+00,1.130610,1.133380,1.126660,1.131090,82060.0000
2021-12-05 00:00:00+00,1.130300,1.131330,1.130160,1.130400,1344.0000
2021-12-06 00:00:00+00,1.130390,1.131020,1.126640,1.128360,55261.0000
2021-12-07 00:00:00+00,1.128380,1.129860,1.122740,1.127260,66641.0000
2021-12-08 00:00:00+00,1.127280,1.135480,1.126660,1.134420,76909.0000
2021-12-09 00:00:00+00,1.134400,1.134440,1.127840,1.129380,59974.0000
2021-12-10 00:00:00+00,1.129360,1.132400,1.126510,1.131780,60613.0000
2021-12-12 00:00:00+00,1.131530,1.131940,1.130880,1.131090,1149.0000
2021-12-13 00:00:00+00,1.131070,1.131410,1.126020,1.128340,55605.0000
2021-12-14 00:00:00+00,1.128330,1.132390,1.125370,1.125780,54872.0000
2021-12-15 00:00:00+00,1.125770,1.129920,1.122180,1.129040,82428.0000
2021-12-16 00:00:00+00,1.129050,1.136040,1.128120,1.133380,77135.0000
2021-12-17 00:00:00+00,1.133400,1.134900,1.123500,1.123600,60688.0000
2021-12-19 00:00:00+00,1.123800,1.124420,1.123470,1.124310,1445.0000
2021-12-20 00:00:00+00,1.124300,1.130400,1.123640,1.127720,63106.0000
2021-12-21 00:00:00+00,1.127740,1.130260,1.126080,1.128730,55135.0000
2021-12-22 00:00:00+00,1.128750,1.134250,1.126440,1.132660,52736.0000
2021-12-23 00:00:00+00,1.132650,1.134240,1.129020,1.132320,49534.0000
2021-12-24 00:00:00+00,1.132330,1.134360,1.130370,1.131050,20810.0000
2021-12-26 00:00:00+00,1.131830,1.132620,1.130870,1.132320,871.0000
2021-12-27 00:00:00+00,1.132300,1.133460,1.130300,1.132960,28129.0000
2021-12-28 00:00:00+00,1.132980,1.133350,1.128960,1.131310,33599.0000
2021-12-29 00:00:00+00,1.131320,1.136900,1.127380,1.135980,51490.0000
2021-12-30 00:00:00+00,1.135970,1.135990,1.129860,1.132240,47720.0000
2021-12-31 00:00:00+00,1.132220,1.138640,1.130340,1.137300,39029.0000
2022-01-02 00:00:00+00,1.137250,1.137950,1.136700,1.137300,966.0000
2022-01-03 00:00:00+00,1.137310,1.137570,1.127980,1.130180,53728.0000
2022-01-04 00:00:00+00,1.130200,1.132240,1.127240,1.128310,62394.0000
2022-01-05 00:00:00+00,1.128300,1.134650,1.127720,1.131080,66559.0000
2022-01-06 00:00:00+00,1.131090,1.133180,1.128460,1.129500,67782.0000
2022-01-07 00:00:00+00,1.129520,1.136480,1.129000,1.136160,60008.0000
2022-01-09 00:00:00+00,1.135980,1.136100,1.134960,1.135360,1121.0000
2022-01-10 00:00:00+00,1.135380,1.135820,1.128500,1.133000,66975.0000
2022-01-11 00:00:00+00,1.132980,1.137550,1.131300,1.136600,56596.0000
2022-01-12 00:00:00+00,1.136590,1.145280,1.135480,1.143960,65244.0000
2022-01-13 00:00:00+00,1.143940,1.148180,1.143580,1.145660,64402.0000
2022-01-14 00:00:00+00,1.145640,1.148270,1.139850,1.141540,71552.0000
2022-01-16 00:00:00+00,1.141600,1.141860,1.140580,1.141130,1117.0000
2022-01-17 00:00:00+00,1.141140,1.143440,1.139180,1.140980,38153.0000
2022-01-18 00:00:00+00,1.141000,1.142160,1.131470,1.132880,80710.0000
2022-01-19 00:00:00+00,1.132910,1.135720,1.131880,1.134300,63748.0000
2022-01-20 00:00:00+00,1.134320,1.136900,1.130320,1.131300,64781.0000
2022-01-21 00:00:00+00,1.131320,1.135980,1.130100,1.134440,61515.0000
2022-01-23 00:00:00+00,1.134340,1.134660,1.133680,1.134120,809.0000
2022-01-24 00:00:00+00,1.134130,1.134130,1.129040,1.132380,77250.0000
2022-01-25 00:00:00+00,1.132400,1.132420,1.126320,1.130320,66539.0000
2022-01-26 00:00:00+00,1.130300,1.131080,1.123530,1.124090,77622.0000
2022-01-27 00:00:00+00,1.124070,1.124340,1.113160,1.114440,83028.0000
2022-01-28 00:00:00+00,1.114460,1.117380,1.112140,1.114920,83444.0000
2022-01-30 00:00:00+00,1.114560,1.115260,1.113820,1.115200,1318.0000
2022-01-31 00:00:00+00,1.115220,1.124780,1.114410,1.122940,76134.0000
2022-02-01 00:00:00+00,1.122920,1.127890,1.122100,1.127310,65685.0000
2022-02-02 00:00:00+00,1.127320,1.133040,1.126680,1.129950,56032.0000
2022-02-03 00:00:00+00,1.129960,1.145140,1.126720,1.143580,101857.0000
2022-02-04 00:00:00+00,1.143560,1.148390,1.141160,1.145160,92486.0000
2022-02-06 00:00:00+00,1.146150,1.146390,1.145160,1.145460,875.0000
2022-02-07 00:00:00+00,1.145480,1.145880,1.141530,1.144120,67535.0000
2022-02-08 00:00:00+00,1.144140,1.144880,1.139620,1.142070,58640.0000
2022-02-09 00:00:00+00,1.142080,1.144780,1.140260,1.142100,49675.0000
2022-02-10 00:00:00+00,1.142120,1.149500,1.137490,1.141160,99377.0000
2022-02-11 00:00:00+00,1.141140,1.141830,1.132980,1.134720,110128.0000
2022-02-13 00:00:00+00,1.134030,1.136720,1.133920,1.136460,10212.0000
2022-02-14 00:00:00+00,1.136450,1.136920,1.128010,1.130610,199653.0000
2022-02-15 00:00:00+00,1.130600,1.136840,1.130340,1.135540,147256.0000
2022-02-16 00:00:00+00,1.135520,1.139600,1.134500,1.137280,137099.0000
2022-02-17 00:00:00+00,1.137280,1.138630,1.132320,1.136380,190322.0000
2022-02-18 00:00:00+00,1.136370,1.137720,1.131400,1.132370,135920.0000
2022-02-20 00:00:00+00,1.132210,1.132760,1.131320,1.131660,5824.0000
2022-02-21 00:00:00+00,1.131660,1.139090,1.129640,1.130930,103636.0000
2022-02-22 00:00:00+00,1.130920,1.136700,1.128800,1.132900,177105.0000
2022-02-23 00:00:00+00,1.132880,1.135920,1.130020,1.130560,126645.0000
2022-02-24 00:00:00+00,1.130570,1.130620,1.110640,1.119050,385499.0000
2022-02-25 00:00:00+00,1.119050,1.127440,1.116600,1.127120,227967.0000
2022-02-27 00:00:00+00,1.127120,1.127120,1.114610,1.118040,24598.0000
2022-02-28 00:00:00+00,1.118040,1.124680,1.114220,1.121440,265512.0000
2022-03-01 00:00:00+00,1.121440,1.123320,1.108960,1.113240,240513.0000
2022-03-02 00:00:00+00,1.113220,1.114410,1.105750,1.111250,276728.0000
2022-03-03 00:00:00+00,1.111230,1.111560,1.103350,1.106600,188110.0000
2022-03-04 00:00:00+00,1.106580,1.106680,1.088570,1.093760,260367.0000
2022-03-06 00:00:00+00,1.092940,1.093140,1.086370,1.087400,17444.0000
2022-03-07 00:00:00+00,1.087390,1.093260,1.080600,1.086640,340064.0000
2022-03-08 00:00:00+00,1.086660,1.095840,1.084930,1.089800,338825.0000
2022-03-09 00:00:00+00,1.089800,1.109520,1.089680,1.107370,251742.0000
2022-03-10 00:00:00+00,1.107380,1.112160,1.097620,1.101340,306637.0000
2022-03-11 00:00:00+00,1.101350,1.104360,1.090200,1.091240,236968.0000
2022-03-13 00:00:00+00,1.092280,1.093900,1.091020,1.093180,8286.0000
2022-03-14 00:00:00+00,1.093180,1.099400,1.090060,1.094280,201727.0000
2022-03-15 00:00:00+00,1.094280,1.101990,1.092610,1.096700,216780.0000
2022-03-16 00:00:00+00,1.096700,1.104700,1.095000,1.102160,279841.0000
2022-03-17 00:00:00+00,1.102170,1.113760,1.102040,1.109920,183868.0000
2022-03-18 00:00:00+00,1.109900,1.111860,1.100300,1.105120,181905.0000
2022-03-20 00:00:00+00,1.106000,1.106110,1.104100,1.104260,5008.0000
2022-03-21 00:00:00+00,1.104260,1.107040,1.101020,1.101680,143813.0000
2022-03-22 00:00:00+00,1.101680,1.104590,1.096100,1.102940,185210.0000
2022-03-23 00:00:00+00,1.102950,1.104000,1.096400,1.100620,153662.0000
2022-03-24 00:00:00+00,1.100610,1.101380,1.096580,1.100850,174454.0000
2022-03-25 00:00:00+00,1.100860,1.103800,1.098090,1.098470,171071.0000
2022-03-27 00:00:00+00,1.098620,1.098800,1.097760,1.098160,4852.0000
2022-03-28 00:00:00+00,1.098170,1.099960,1.094460,1.099140,199686.0000
2022-03-29 00:00:00+00,1.099140,1.113740,1.096880,1.109100,272269.0000
2022-03-30 00:00:00+00,1.109110,1.117120,1.108800,1.116120,219366.0000
2022-03-31 00:00:00+00,1.116100,1.118490,1.106100,1.107300,226239.0000
2022-04-01 00:00:00+00,1.107310,1.107580,1.102800,1.104940,179406.0000
2022-04-03 00:00:00+00,1.104010,1.104580,1.103800,1.104580,4072.0000
2022-04-04 00:00:00+00,1.104570,1.105450,1.096060,1.097500,142701.0000
2022-04-05 00:00:00+00,1.097500,1.098860,1.090000,1.090600,146301.0000
2022-04-06 00:00:00+00,1.090610,1.093810,1.087450,1.089760,209410.0000
2022-04-07 00:00:00+00,1.089780,1.093860,1.086020,1.086450,173128.0000
2022-04-08 00:00:00+00,1.086460,1.089180,1.083640,1.087620,140342.0000
2022-04-10 00:00:00+00,1.091820,1.091830,1.088440,1.088440,11520.0000
2022-04-11 00:00:00+00,1.088440,1.093340,1.087270,1.087690,145862.0000
2022-04-12 00:00:00+00,1.087710,1.090400,1.082140,1.082610,190758.0000
2022-04-13 00:00:00+00,1.082620,1.089740,1.080890,1.089510,159343.0000
2022-04-14 00:00:00+00,1.089510,1.092360,1.075740,1.082160,225509.0000
2022-04-15 00:00:00+00,1.082170,1.082360,1.079680,1.081490,84409.0000
2022-04-17 00:00:00+00,1.080580,1.082180,1.080320,1.081400,9546.0000
2022-04-18 00:00:00+00,1.081410,1.081600,1.076990,1.078000,93658.0000
2022-04-19 00:00:00+00,1.078000,1.081440,1.076120,1.079420,155058.0000
2022-04-20 00:00:00+00,1.079420,1.086720,1.078400,1.084960,171746.0000
2022-04-21 00:00:00+00,1.084960,1.093640,1.082370,1.083500,189373.0000
2022-04-22 00:00:00+00,1.083500,1.085170,1.077060,1.079740,174928.0000
2022-04-24 00:00:00+00,1.080790,1.081580,1.079620,1.080960,10682.0000
2022-04-25 00:00:00+00,1.080950,1.081220,1.069680,1.071260,233330.0000
2022-04-26 00:00:00+00,1.071270,1.073870,1.063520,1.064280,185478.0000
2022-04-27 00:00:00+00,1.064280,1.065480,1.051460,1.055440,217195.0000
2022-04-28 00:00:00+00,1.055420,1.056500,1.047130,1.050310,260683.0000
2022-04-29 00:00:00+00,1.050320,1.059300,1.050220,1.054530,205561.0000
2022-05-01 00:00:00+00,1.055430,1.056270,1.053450,1.053500,11030.0000
2022-05-02 00:00:00+00,1.053490,1.056850,1.049040,1.050960,164211.0000
2022-05-03 00:00:00+00,1.050960,1.057760,1.049220,1.052510,173661.0000
2022-05-04 00:00:00+00,1.052520,1.063120,1.050610,1.062060,248153.0000
2022-05-05 00:00:00+00,1.062060,1.064200,1.049270,1.053960,242791.0000
2022-05-06 00:00:00+00,1.053970,1.059900,1.048280,1.054580,277322.0000
2022-05-08 00:00:00+00,1.054250,1.054570,1.053080,1.053220,5920.0000
2022-05-09 00:00:00+00,1.053200,1.059260,1.049520,1.056340,191007.0000
2022-05-10 00:00:00+00,1.056360,1.058540,1.052520,1.052900,199590.0000
2022-05-11 00:00:00+00,1.052900,1.057720,1.050200,1.051190,237198.0000
2022-05-12 00:00:00+00,1.051200,1.052940,1.035380,1.037840,240470.0000
2022-05-13 00:00:00+00,1.037860,1.041980,1.034920,1.040720,152382.0000
2022-05-15 00:00:00+00,1.040580,1.041460,1.039680,1.039800,8066.0000
2022-05-16 00:00:00+00,1.039820,1.044320,1.038920,1.043920,134601.0000
2022-05-17 00:00:00+00,1.043930,1.055580,1.043200,1.054870,174147.0000
2022-05-18 00:00:00+00,1.054870,1.056390,1.046110,1.047300,156270.0000
2022-05-19 00:00:00+00,1.047310,1.060720,1.046520,1.057940,213253.0000
2022-05-20 00:00:00+00,1.057950,1.059940,1.053290,1.055540,144086.0000
2022-05-22 00:00:00+00,1.056480,1.057810,1.055860,1.056900,5710.0000
2022-05-23 00:00:00+00,1.056900,1.069750,1.056820,1.068380,151090.0000
2022-05-24 00:00:00+00,1.068360,1.074870,1.066100,1.073280,168502.0000
2022-05-25 00:00:00+00,1.073280,1.073690,1.064210,1.068700,173570.0000
2022-05-26 00:00:00+00,1.068700,1.073480,1.066260,1.073260,129785.0000
2022-05-27 00:00:00+00,1.073260,1.076520,1.069690,1.073340,118889.0000
2022-05-29 00:00:00+00,1.073750,1.073750,1.072620,1.072960,3696.0000
2022-05-30 00:00:00+00,1.072950,1.078700,1.072680,1.077310,85783.0000
2022-05-31 00:00:00+00,1.077330,1.077470,1.067900,1.073420,175498.0000
2022-06-01 00:00:00+00,1.073420,1.073940,1.062730,1.065130,143508.0000
2022-06-02 00:00:00+00,1.065110,1.075130,1.064510,1.075040,111206.0000
2022-06-03 00:00:00+00,1.075020,1.076460,1.070410,1.071940,102046.0000
2022-06-05 00:00:00+00,1.072220,1.073000,1.071470,1.072530,5279.0000
2022-06-06 00:00:00+00,1.072530,1.075190,1.068390,1.068980,105613.0000
2022-06-07 00:00:00+00,1.068980,1.071430,1.065200,1.069760,131223.0000
2022-06-08 00:00:00+00,1.069740,1.074860,1.067150,1.071680,128097.0000
2022-06-09 00:00:00+00,1.071700,1.077420,1.061120,1.061910,211558.0000
2022-06-10 00:00:00+00,1.061920,1.064240,1.050590,1.052040,184191.0000
2022-06-12 00:00:00+00,1.051540,1.052040,1.048640,1.049100,12085.0000
2022-06-13 00:00:00+00,1.049100,1.049570,1.039980,1.041500,229269.0000
2022-06-14 00:00:00+00,1.041510,1.048500,1.039700,1.043700,216135.0000
2022-06-15 00:00:00+00,1.043720,1.050780,1.035930,1.045760,204633.0000
2022-06-16 00:00:00+00,1.045750,1.060140,1.038090,1.054660,183085.0000
2022-06-17 00:00:00+00,1.054660,1.055220,1.044450,1.049380,151001.0000
2022-06-19 00:00:00+00,1.048410,1.049390,1.047460,1.049000,5115.0000
2022-06-20 00:00:00+00,1.049020,1.054600,1.048520,1.051750,83858.0000
2022-06-21 00:00:00+00,1.051760,1.058260,1.051320,1.053140,101832.0000
2022-06-22 00:00:00+00,1.053150,1.060580,1.046880,1.056480,129418.0000
2022-06-23 00:00:00+00,1.056470,1.058120,1.048290,1.051960,150069.0000
2022-06-24 00:00:00+00,1.051960,1.057120,1.051220,1.055640,101705.0000
2022-06-26 00:00:00+00,1.055450,1.057490,1.055160,1.056660,4314.0000
2022-06-27 00:00:00+00,1.056680,1.061510,1.055020,1.058000,105195.0000
2022-06-28 00:00:00+00,1.057990,1.060630,1.050320,1.052220,118078.0000
2022-06-29 00:00:00+00,1.052180,1.053560,1.043520,1.044580,133253.0000
2022-06-30 00:00:00+00,1.044580,1.048880,1.038240,1.047840,139299.0000
2022-07-01 00:00:00+00,1.047860,1.047860,1.036550,1.042650,139653.0000
2022-07-03 00:00:00+00,1.042450,1.043740,1.041760,1.043260,4629.0000
2022-07-04 00:00:00+00,1.043260,1.046280,1.041710,1.043290,85881.0000
2022-07-05 00:00:00+00,1.043280,1.044880,1.023520,1.025680,146702.0000
2022-07-06 00:00:00+00,1.025640,1.027680,1.016150,1.018470,158233.0000
2022-07-07 00:00:00+00,1.018470,1.022120,1.014420,1.016860,120754.0000
2022-07-08 00:00:00+00,1.016840,1.019140,1.007160,1.018540,135886.0000
2022-07-10 00:00:00+00,1.017830,1.018360,1.016500,1.016740,4795.0000
2022-07-11 00:00:00+00,1.016740,1.016760,1.003370,1.004590,117788.0000
2022-07-12 00:00:00+00,1.004560,1.007390,1.000000,1.003020,140490.0000
2022-07-13 00:00:00+00,1.003000,1.012240,0.999800,1.003440,158848.0000
2022-07-14 00:00:00+00,1.003440,1.005060,0.995220,1.002660,167886.0000
2022-07-15 00:00:00+00,1.002660,1.009800,1.000700,1.008780,123122.0000
2022-07-17 00:00:00+00,1.008530,1.009820,1.007870,1.009750,3816.0000
2022-07-18 00:00:00+00,1.009760,1.020140,1.008120,1.014660,120935.0000
2022-07-19 00:00:00+00,1.014660,1.026940,1.011960,1.023060,135892.0000
2022-07-20 00:00:00+00,1.023100,1.027340,1.015540,1.018100,125790.0000
2022-07-21 00:00:00+00,1.018100,1.027810,1.015360,1.022020,164004.0000
2022-07-22 00:00:00+00,1.022020,1.025540,1.012980,1.021510,138753.0000
2022-07-24 00:00:00+00,1.021450,1.021950,1.019920,1.019960,4806.0000
2022-07-25 00:00:00+00,1.019960,1.025790,1.017860,1.022340,125723.0000
2022-07-26 00:00:00+00,1.022320,1.025020,1.010760,1.012880,111131.0000
2022-07-27 00:00:00+00,1.012820,1.022090,1.009680,1.020550,126832.0000
2022-07-28 00:00:00+00,1.020530,1.023460,1.011400,1.019200,148936.0000
2022-07-29 00:00:00+00,1.019220,1.025430,1.014600,1.022660,140462.0000
2022-07-31 00:00:00+00,1.021750,1.022530,1.020560,1.021040,4620.0000
2022-08-01 00:00:00+00,1.021040,1.027540,1.020790,1.026320,122255.0000
2022-08-02 00:00:00+00,1.026320,1.029400,1.015480,1.015660,151796.0000
2022-08-03 00:00:00+00,1.015660,1.021040,1.012280,1.015660,123962.0000
2022-08-04 00:00:00+00,1.015640,1.025380,1.015420,1.024740,112444.0000
2022-08-05 00:00:00+00,1.024740,1.024840,1.014160,1.018140,115383.0000
2022-08-07 00:00:00+00,1.017550,1.017990,1.016940,1.017220,4435.0000
2022-08-08 00:00:00+00,1.017220,1.022200,1.015920,1.019800,98569.0000
2022-08-09 00:00:00+00,1.019800,1.024740,1.018870,1.020800,83032.0000
2022-08-10 00:00:00+00,1.020800,1.036880,1.020190,1.029880,127262.0000
2022-08-11 00:00:00+00,1.029880,1.036440,1.027550,1.032040,121820.0000
2022-08-12 00:00:00+00,1.032060,1.032540,1.023840,1.025900,102152.0000
2022-08-14 00:00:00+00,1.025710,1.026330,1.025380,1.025380,3211.0000
2022-08-15 00:00:00+00,1.025380,1.026830,1.015370,1.016160,93608.0000
2022-08-16 00:00:00+00,1.016160,1.019490,1.012260,1.016960,102792.0000
2022-08-17 00:00:00+00,1.016940,1.020310,1.014540,1.017760,112682.0000
2022-08-18 00:00:00+00,1.017780,1.019320,1.007940,1.008910,104425.0000
2022-08-19 00:00:00+00,1.008910,1.009560,1.003210,1.004160,86002.0000
2022-08-21 00:00:00+00,1.004050,1.004220,1.003020,1.003640,4442.0000
2022-08-22 00:00:00+00,1.003630,1.004670,0.992620,0.993840,92931.0000
2022-08-23 00:00:00+00,0.993840,1.001860,0.990060,0.996660,106508.0000
2022-08-24 00:00:00+00,0.996640,0.999940,0.991010,0.996820,91080.0000
2022-08-25 00:00:00+00,0.996800,1.003360,0.994920,0.997080,97070.0000
2022-08-26 00:00:00+00,0.997090,1.009020,0.994660,0.996320,105883.0000
2022-08-28 00:00:00+00,0.996680,0.996720,0.993490,0.993580,6656.0000
2022-08-29 00:00:00+00,0.993600,1.002920,0.991430,1.001080,95094.0000
2022-08-30 00:00:00+00,1.001060,1.005500,0.998200,1.002360,122736.0000
2022-08-31 00:00:00+00,1.002360,1.007920,0.997130,1.003820,122219.0000
2022-09-01 00:00:00+00,1.003770,1.004890,0.991080,0.995170,117753.0000
2022-09-02 00:00:00+00,0.995160,1.003360,0.994520,0.995640,111774.0000
2022-09-04 00:00:00+00,0.992940,0.993520,0.990320,0.990800,7455.0000
2022-09-05 00:00:00+00,0.990780,0.995200,0.987800,0.995000,87384.0000
2022-09-06 00:00:00+00,0.995020,0.998660,0.986400,0.989720,118440.0000
2022-09-07 00:00:00+00,0.989720,1.001320,0.987560,0.999800,109365.0000
2022-09-08 00:00:00+00,0.999820,1.003020,0.993060,1.001000,139192.0000
2022-09-09 00:00:00+00,1.001000,1.011360,1.000840,1.004670,122407.0000
2022-09-11 00:00:00+00,1.010200,1.010200,1.005980,1.007040,6314.0000
2022-09-12 00:00:00+00,1.007040,1.019780,1.006320,1.012920,125183.0000
2022-09-13 00:00:00+00,1.012920,1.018720,0.995560,0.997820,131756.0000
2022-09-14 00:00:00+00,0.997840,1.002390,0.995960,0.998220,125408.0000
2022-09-15 00:00:00+00,0.998200,1.001780,0.995580,0.998760,93358.0000
2022-09-16 00:00:00+00,0.998770,1.003640,0.994520,1.001700,103847.0000
2022-09-18 00:00:00+00,1.001220,1.002880,1.000540,1.002220,4293.0000
2022-09-19 00:00:00+00,1.002220,1.003260,0.996600,1.003000,80679.0000
2022-09-20 00:00:00+00,1.003040,1.005070,0.995520,0.997120,117944.0000
2022-09-21 00:00:00+00,0.997120,0.997520,0.981310,0.983140,152414.0000
2022-09-22 00:00:00+00,0.983190,0.990760,0.980730,0.983860,166087.0000
2022-09-23 00:00:00+00,0.983860,0.985210,0.966820,0.969140,140143.0000
2022-09-25 00:00:00+00,0.967550,0.970980,0.966560,0.968580,9633.0000
2022-09-26 00:00:00+00,0.968530,0.970160,0.955140,0.962020,223576.0000
2022-09-27 00:00:00+00,0.962040,0.967100,0.956920,0.959560,156727.0000
2022-09-28 00:00:00+00,0.959560,0.975100,0.953600,0.970580,206588.0000
2022-09-29 00:00:00+00,0.970550,0.984420,0.963580,0.982920,179275.0000
2022-09-30 00:00:00+00,0.982940,0.985390,0.973460,0.980160,175791.0000
2022-10-02 00:00:00+00,0.979690,0.980920,0.978950,0.979360,6752.0000
2022-10-03 00:00:00+00,0.979340,0.984460,0.975290,0.983350,156326.0000
2022-10-04 00:00:00+00,0.983370,0.999960,0.980620,0.998390,158633.0000
2022-10-05 00:00:00+00,0.998380,0.999520,0.983480,0.991180,141464.0000
2022-10-06 00:00:00+00,0.991220,0.992660,0.978610,0.978940,154805.0000
2022-10-07 00:00:00+00,0.978920,0.981700,0.972620,0.974220,143830.0000
2022-10-09 00:00:00+00,0.973560,0.973960,0.972760,0.973460,8430.0000
2022-10-10 00:00:00+00,0.973460,0.975340,0.968160,0.971140,118451.0000
2022-10-11 00:00:00+00,0.971140,0.977480,0.967040,0.970080,159231.0000
2022-10-12 00:00:00+00,0.970060,0.973500,0.966790,0.970500,143580.0000
2022-10-13 00:00:00+00,0.970480,0.980610,0.963150,0.976760,186862.0000
2022-10-14 00:00:00+00,0.976760,0.980880,0.970740,0.972370,161983.0000
2022-10-16 00:00:00+00,0.972530,0.974330,0.972020,0.973990,6183.0000
2022-10-17 00:00:00+00,0.973970,0.985220,0.972000,0.984380,133788.0000
2022-10-18 00:00:00+00,0.984370,0.987570,0.981280,0.986280,136908.0000
2022-10-19 00:00:00+00,0.986260,0.986710,0.975720,0.976560,128805.0000
2022-10-20 00:00:00+00,0.976560,0.984550,0.975460,0.977870,142848.0000
2022-10-21 00:00:00+00,0.977910,0.986920,0.970490,0.986050,199411.0000
2022-10-23 00:00:00+00,0.986790,0.989960,0.983120,0.986000,22503.0000
2022-10-24 00:00:00+00,0.985940,0.989360,0.980700,0.988440,167251.0000
2022-10-25 00:00:00+00,0.988450,0.997680,0.984880,0.996180,113050.0000
2022-10-26 00:00:00+00,0.996200,1.009380,0.994340,1.009340,138447.0000
2022-10-27 00:00:00+00,1.009320,1.009380,0.995770,0.996710,162738.0000
2022-10-28 00:00:00+00,0.996690,0.999820,0.992650,0.996600,124639.0000
2022-10-30 00:00:00+00,0.995480,0.996220,0.994400,0.995450,7032.0000
2022-10-31 00:00:00+00,0.995480,0.996580,0.987300,0.988590,90995.0000
2022-11-01 00:00:00+00,0.988600,0.995400,0.985300,0.987760,123360.0000
2022-11-02 00:00:00+00,0.987820,0.997600,0.981000,0.981390,138303.0000
2022-11-03 00:00:00+00,0.981420,0.983980,0.973020,0.974920,125267.0000
2022-11-04 00:00:00+00,0.974960,0.996660,0.974760,0.995890,147429.0000
2022-11-06 00:00:00+00,0.990860,0.994510,0.990480,0.992850,7850.0000
2022-11-07 00:00:00+00,0.992860,1.003450,0.991780,1.001760,122176.0000
2022-11-08 00:00:00+00,1.001740,1.009650,0.997160,1.008040,108361.0000
2022-11-09 00:00:00+00,1.008040,1.008840,0.999300,1.001920,150032.0000
2022-11-10 00:00:00+00,1.001930,1.022200,0.993540,1.019160,179019.0000
2022-11-11 00:00:00+00,1.019170,1.036420,1.016320,1.035420,168900.0000
2022-11-13 00:00:00+00,1.033510,1.034010,1.031280,1.032700,7851.0000
2022-11-14 00:00:00+00,1.032680,1.035860,1.027160,1.031980,151416.0000
2022-11-15 00:00:00+00,1.032010,1.048150,1.028020,1.035760,217095.0000
2022-11-16 00:00:00+00,1.035780,1.043860,1.033090,1.039360,180080.0000
2022-11-17 00:00:00+00,1.039360,1.040680,1.030530,1.036080,148652.0000
2022-11-18 00:00:00+00,1.036080,1.039620,1.031380,1.032230,118224.0000
2022-11-20 00:00:00+00,1.032530,1.033340,1.032340,1.033080,3299.0000
2022-11-21 00:00:00+00,1.033080,1.033320,1.022270,1.024540,120938.0000
2022-11-22 00:00:00+00,1.024540,1.031090,1.024210,1.031080,102365.0000
2022-11-23 00:00:00+00,1.031090,1.041930,1.029660,1.041800,124524.0000
2022-11-24 00:00:00+00,1.041820,1.044850,1.038180,1.040760,84315.0000
2022-11-25 00:00:00+00,1.040760,1.042930,1.035480,1.039650,99841.0000
2022-11-27 00:00:00+00,1.037690,1.038140,1.036560,1.036720,5103.0000
2022-11-28 00:00:00+00,1.036740,1.049680,1.033020,1.034340,144227.0000
2022-11-29 00:00:00+00,1.034360,1.039460,1.031900,1.032380,144672.0000
2022-11-30 00:00:00+00,1.032420,1.043060,1.029040,1.042350,162742.0000
2022-12-01 00:00:00+00,1.042350,1.053960,1.039330,1.052800,171357.0000
2022-12-02 00:00:00+00,1.052800,1.054520,1.042840,1.054060,153725.0000
2022-12-04 00:00:00+00,1.053570,1.054400,1.053100,1.054400,4696.0000
2022-12-05 00:00:00+00,1.054440,1.059500,1.048040,1.049640,131192.0000
2022-12-06 00:00:00+00,1.049660,1.053300,1.045940,1.046760,125747.0000
2022-12-07 00:00:00+00,1.046760,1.054980,1.044340,1.051190,137101.0000
2022-12-08 00:00:00+00,1.051200,1.056500,1.048960,1.055580,122724.0000
2022-12-09 00:00:00+00,1.055570,1.058830,1.050360,1.053360,129832.0000
2022-12-11 00:00:00+00,1.053280,1.053980,1.051820,1.052080,2934.0000
2022-12-12 00:00:00+00,1.052090,1.058030,1.050600,1.054130,118886.0000
2022-12-13 00:00:00+00,1.054120,1.067360,1.052810,1.062440,159771.0000
2022-12-14 00:00:00+00,1.062420,1.069510,1.061900,1.067610,164214.0000
2022-12-15 00:00:00+00,1.067610,1.073620,1.059240,1.063880,145909.0000
2022-12-16 00:00:00+00,1.063880,1.066330,1.058480,1.058480,133810.0000
2022-12-18 00:00:00+00,1.058900,1.059810,1.058260,1.058440,5598.0000
2022-12-19 00:00:00+00,1.058460,1.065800,1.057600,1.061240,113490.0000
2022-12-20 00:00:00+00,1.061230,1.065860,1.057900,1.062540,171307.0000
2022-12-21 00:00:00+00,1.062560,1.064540,1.059040,1.060800,113865.0000
2022-12-22 00:00:00+00,1.060800,1.065950,1.057340,1.060160,115095.0000
2022-12-23 00:00:00+00,1.060140,1.063320,1.058680,1.061620,104404.0000
2022-12-26 00:00:00+00,1.063570,1.064580,1.063120,1.064000,2587.0000
2022-12-27 00:00:00+00,1.064000,1.066960,1.061150,1.063720,85238.0000
2022-12-28 00:00:00+00,1.063720,1.067460,1.060670,1.062900,102550.0000
2022-12-29 00:00:00+00,1.062870,1.069060,1.061120,1.066040,97045.0000
2022-12-30 00:00:00+00,1.066060,1.071330,1.063860,1.070390,110759.0000
2023-01-01 00:00:00+00,1.069990,1.070620,1.069620,1.070570,25.0000
2023-01-02 00:00:00+00,1.070480,1.070900,1.065020,1.067680,29233.0000
2023-01-03 00:00:00+00,1.067680,1.068040,1.051950,1.054560,166570.0000
2023-01-04 00:00:00+00,1.054560,1.063540,1.054520,1.060610,150817.0000
2023-01-05 00:00:00+00,1.060600,1.063160,1.051500,1.052080,141048.0000
2023-01-06 00:00:00+00,1.052100,1.064820,1.048330,1.064440,137557.0000
2023-01-08 00:00:00+00,1.064200,1.066300,1.063940,1.066280,4245.0000
2023-01-09 00:00:00+00,1.066300,1.076080,1.065150,1.073270,129988.0000
2023-01-10 00:00:00+00,1.073280,1.075940,1.071220,1.073840,125508.0000
2023-01-11 00:00:00+00,1.073860,1.077640,1.072560,1.076560,108128.0000
2023-01-12 00:00:00+00,1.076560,1.086700,1.073050,1.085990,168561.0000
2023-01-13 00:00:00+00,1.086000,1.086800,1.078040,1.083240,130622.0000
2023-01-15 00:00:00+00,1.083110,1.083620,1.082040,1.082280,5046.0000
2023-01-16 00:00:00+00,1.082300,1.087430,1.080150,1.082980,84909.0000
2023-01-17 00:00:00+00,1.082970,1.086950,1.077440,1.078940,135685.0000
2023-01-18 00:00:00+00,1.078940,1.088760,1.076620,1.079770,173201.0000
2023-01-19 00:00:00+00,1.079800,1.084000,1.078220,1.083370,132490.0000
2023-01-20 00:00:00+00,1.083380,1.085900,1.080240,1.085550,102621.0000
2023-01-22 00:00:00+00,1.086500,1.086990,1.086170,1.086440,3801.0000
2023-01-23 00:00:00+00,1.086440,1.092700,1.084620,1.087140,119167.0000
2023-01-24 00:00:00+00,1.087140,1.089810,1.083520,1.088990,103405.0000
2023-01-25 00:00:00+00,1.089000,1.092370,1.085740,1.092070,107324.0000
2023-01-26 00:00:00+00,1.092080,1.092960,1.085060,1.089320,110148.0000
2023-01-27 00:00:00+00,1.089330,1.090040,1.083790,1.086790,96171.0000
2023-01-29 00:00:00+00,1.086460,1.087260,1.086000,1.087200,2625.0000
2023-01-30 00:00:00+00,1.087190,1.091390,1.083940,1.085010,110293.0000
2023-01-31 00:00:00+00,1.085030,1.087490,1.080220,1.086080,112967.0000
2023-02-01 00:00:00+00,1.086080,1.103300,1.085220,1.101290,137185.0000
2023-02-02 00:00:00+00,1.101280,1.102690,1.088540,1.090460,146417.0000
2023-02-03 00:00:00+00,1.090480,1.094040,1.079280,1.079400,137928.0000
2023-02-05 00:00:00+00,1.078430,1.079860,1.078430,1.078940,5340.0000
2023-02-06 00:00:00+00,1.078920,1.079910,1.070940,1.072920,108878.0000
2023-02-07 00:00:00+00,1.072920,1.076670,1.066920,1.073060,145717.0000
2023-02-08 00:00:00+00,1.073070,1.076090,1.070950,1.071540,108455.0000
2023-02-09 00:00:00+00,1.071540,1.079110,1.070940,1.073920,109720.0000
2023-02-10 00:00:00+00,1.073940,1.075280,1.066620,1.067740,116474.0000
2023-02-12 00:00:00+00,1.068340,1.068370,1.067160,1.067730,4531.0000
2023-02-13 00:00:00+00,1.067740,1.073250,1.065560,1.073120,94307.0000
2023-02-14 00:00:00+00,1.073120,1.080470,1.070680,1.073540,155167.0000
2023-02-15 00:00:00+00,1.073530,1.074460,1.066050,1.069170,129001.0000
2023-02-16 00:00:00+00,1.069180,1.072260,1.065440,1.066540,129082.0000
2023-02-17 00:00:00+00,1.066560,1.069840,1.061280,1.069370,112510.0000
2023-02-19 00:00:00+00,1.068780,1.069440,1.068260,1.068420,3619.0000
2023-02-20 00:00:00+00,1.068450,1.070480,1.067020,1.068220,67875.0000
2023-02-21 00:00:00+00,1.068230,1.069840,1.063750,1.065120,124997.0000
2023-02-22 00:00:00+00,1.065120,1.066420,1.059920,1.060560,122519.0000
2023-02-23 00:00:00+00,1.060560,1.062780,1.057700,1.059750,109677.0000
2023-02-24 00:00:00+00,1.059740,1.061430,1.053620,1.054570,125417.0000
2023-02-26 00:00:00+00,1.054840,1.055540,1.054480,1.055340,2045.0000
2023-02-27 00:00:00+00,1.055360,1.062000,1.053280,1.060960,106250.0000
2023-02-28 00:00:00+00,1.060980,1.064540,1.057420,1.057700,109893.0000
2023-03-01 00:00:00+00,1.057720,1.069150,1.056530,1.066870,133667.0000
2023-03-02 00:00:00+00,1.066850,1.067300,1.057660,1.059860,122851.0000
2023-03-03 00:00:00+00,1.059850,1.063880,1.058830,1.063420,104387.0000
2023-03-05 00:00:00+00,1.062730,1.062900,1.062340,1.062580,4360.0000
2023-03-06 00:00:00+00,1.062560,1.069440,1.062220,1.068560,101672.0000
2023-03-07 00:00:00+00,1.068560,1.069460,1.054600,1.054840,132891.0000
2023-03-08 00:00:00+00,1.054840,1.057400,1.052440,1.054920,108793.0000
2023-03-09 00:00:00+00,1.054920,1.059130,1.053810,1.058560,99582.0000
2023-03-10 00:00:00+00,1.058560,1.070100,1.057400,1.063860,175922.0000
2023-03-12 00:00:00+00,1.068240,1.070410,1.067580,1.068120,12292.0000
2023-03-13 00:00:00+00,1.068180,1.074860,1.065040,1.072290,232024.0000
2023-03-14 00:00:00+00,1.072340,1.074960,1.067900,1.072700,178034.0000
2023-03-15 00:00:00+00,1.072720,1.076000,1.051610,1.058170,200548.0000
2023-03-16 00:00:00+00,1.058160,1.063560,1.055100,1.061360,183137.0000
2023-03-17 00:00:00+00,1.061380,1.068540,1.061180,1.066560,131649.0000
2023-03-19 00:00:00+00,1.068900,1.068920,1.066620,1.068060,7449.0000
2023-03-20 00:00:00+00,1.068080,1.073080,1.063130,1.071850,148630.0000
2023-03-21 00:00:00+00,1.071870,1.078860,1.070400,1.077280,96405.0000
2023-03-22 00:00:00+00,1.077280,1.091240,1.075910,1.086910,124318.0000
2023-03-23 00:00:00+00,1.086920,1.092980,1.082420,1.083480,126586.0000
2023-03-24 00:00:00+00,1.083480,1.083720,1.071320,1.075980,130439.0000
2023-03-26 00:00:00+00,1.077500,1.078000,1.076600,1.077760,5255.0000
2023-03-27 00:00:00+00,1.077780,1.080790,1.074500,1.080640,91625.0000
2023-03-28 00:00:00+00,1.080630,1.084870,1.080350,1.083920,86916.0000
2023-03-29 00:00:00+00,1.083940,1.087180,1.081780,1.084260,90713.0000
2023-03-30 00:00:00+00,1.084260,1.092640,1.082360,1.090420,88793.0000
2023-03-31 00:00:00+00,1.090380,1.092580,1.083680,1.084220,93286.0000
2023-04-02 00:00:00+00,1.084160,1.084430,1.080120,1.080270,7011.0000
2023-04-03 00:00:00+00,1.080300,1.091660,1.078820,1.090680,92272.0000
2023-04-04 00:00:00+00,1.090670,1.097340,1.088280,1.095760,96349.0000
2023-04-05 00:00:00+00,1.095780,1.096990,1.089110,1.090300,91531.0000
2023-04-06 00:00:00+00,1.090320,1.093780,1.088460,1.091980,69312.0000
2023-04-07 00:00:00+00,1.091980,1.092420,1.087650,1.090120,22662.0000
2023-04-09 00:00:00+00,1.090260,1.091360,1.089970,1.091320,3318.0000
2023-04-10 00:00:00+00,1.091340,1.091740,1.083140,1.086880,58740.0000
2023-04-11 00:00:00+00,1.086870,1.092820,1.086720,1.091640,76869.0000
2023-04-12 00:00:00+00,1.091660,1.100060,1.091480,1.099700,89220.0000
2023-04-13 00:00:00+00,1.099660,1.106780,1.097670,1.105190,78430.0000
2023-04-14 00:00:00+00,1.105220,1.107600,1.097240,1.099440,87878.0000
2023-04-16 00:00:00+00,1.099010,1.099590,1.098320,1.098440,2787.0000
2023-04-17 00:00:00+00,1.098460,1.099990,1.090920,1.092450,80239.0000
2023-04-18 00:00:00+00,1.092460,1.098300,1.092230,1.097500,78968.0000
2023-04-19 00:00:00+00,1.097510,1.098420,1.091720,1.095190,81296.0000
2023-04-20 00:00:00+00,1.095200,1.098980,1.093360,1.096780,83556.0000
2023-04-21 00:00:00+00,1.096760,1.099390,1.093800,1.098930,79369.0000
2023-04-23 00:00:00+00,1.099000,1.099620,1.098780,1.099180,1816.0000
2023-04-24 00:00:00+00,1.099140,1.105730,1.096600,1.105720,74639.0000
2023-04-25 00:00:00+00,1.105780,1.106710,1.096420,1.097800,88579.0000
2023-04-26 00:00:00+00,1.097800,1.109560,1.096840,1.104540,103205.0000
2023-04-27 00:00:00+00,1.104540,1.106350,1.099220,1.103160,92818.0000
2023-04-28 00:00:00+00,1.103180,1.104500,1.096260,1.101700,110332.0000
2023-04-30 00:00:00+00,1.102070,1.102540,1.101000,1.101080,3091.0000
2023-05-01 00:00:00+00,1.101090,1.103580,1.096440,1.096880,69665.0000
2023-05-02 00:00:00+00,1.096870,1.101380,1.094220,1.101090,95897.0000
2023-05-03 00:00:00+00,1.101140,1.109200,1.100480,1.106870,105816.0000
2023-05-04 00:00:00+00,1.106890,1.109170,1.098600,1.102300,114606.0000
2023-05-05 00:00:00+00,1.102290,1.104790,1.096670,1.101880,84434.0000
2023-05-07 00:00:00+00,1.102310,1.102340,1.101420,1.101840,2439.0000
2023-05-08 00:00:00+00,1.101850,1.105380,1.099540,1.099670,66991.0000
2023-05-09 00:00:00+00,1.099660,1.100100,1.094110,1.096460,78981.0000
2023-05-10 00:00:00+00,1.096470,1.100700,1.094160,1.098280,89193.0000
2023-05-11 00:00:00+00,1.098270,1.099820,1.090020,1.091240,99559.0000
2023-05-12 00:00:00+00,1.091240,1.093560,1.084800,1.084980,77931.0000
2023-05-14 00:00:00+00,1.085530,1.085600,1.084570,1.085300,2497.0000
2023-05-15 00:00:00+00,1.085320,1.089100,1.084820,1.087360,69254.0000
2023-05-16 00:00:00+00,1.087360,1.090480,1.085500,1.086540,78862.0000
2023-05-17 00:00:00+00,1.086580,1.087380,1.081020,1.083810,81043.0000
2023-05-18 00:00:00+00,1.083760,1.084820,1.076250,1.077520,78262.0000
2023-05-19 00:00:00+00,1.077520,1.082890,1.076000,1.080620,89303.0000
2023-05-21 00:00:00+00,1.080780,1.082440,1.080740,1.082210,2099.0000
2023-05-22 00:00:00+00,1.082210,1.083130,1.079550,1.081070,80169.0000
2023-05-23 00:00:00+00,1.081070,1.082060,1.076020,1.076940,87852.0000
2023-05-24 00:00:00+00,1.076930,1.080140,1.074240,1.075560,93764.0000
2023-05-25 00:00:00+00,1.075580,1.075600,1.070720,1.072340,90007.0000
2023-05-26 00:00:00+00,1.072350,1.075880,1.070180,1.072520,85197.0000
2023-05-28 00:00:00+00,1.072230,1.072940,1.071820,1.072170,2452.0000
2023-05-29 00:00:00+00,1.072140,1.074360,1.070550,1.070680,32968.0000
2023-05-30 00:00:00+00,1.070680,1.074670,1.067250,1.073180,87524.0000
2023-05-31 00:00:00+00,1.073180,1.073560,1.063520,1.069340,99010.0000
2023-06-01 00:00:00+00,1.069340,1.076850,1.066180,1.076040,93045.0000
2023-06-02 00:00:00+00,1.076060,1.077900,1.070520,1.070780,78584.0000
2023-06-04 00:00:00+00,1.070860,1.071000,1.069380,1.069680,3014.0000
2023-06-05 00:00:00+00,1.069710,1.072240,1.067460,1.071140,72394.0000
2023-06-06 00:00:00+00,1.071160,1.073290,1.066700,1.069880,73363.0000
2023-06-07 00:00:00+00,1.069880,1.073980,1.066840,1.070700,76748.0000
2023-06-08 00:00:00+00,1.070720,1.078720,1.070100,1.078180,73743.0000
2023-06-09 00:00:00+00,1.078200,1.078520,1.074300,1.074960,67790.0000
2023-06-11 00:00:00+00,1.074920,1.075160,1.074320,1.075000,2272.0000
2023-06-12 00:00:00+00,1.075020,1.079020,1.073310,1.076220,69922.0000
2023-06-13 00:00:00+00,1.076220,1.082370,1.075940,1.078960,88357.0000
2023-06-14 00:00:00+00,1.078980,1.086440,1.077400,1.084280,89364.0000
2023-06-15 00:00:00+00,1.084290,1.095270,1.080380,1.094550,86671.0000
2023-06-16 00:00:00+00,1.094560,1.097080,1.091780,1.094160,76814.0000
2023-06-18 00:00:00+00,1.094220,1.094350,1.093340,1.093980,2887.0000
2023-06-19 00:00:00+00,1.093980,1.094630,1.090720,1.092360,50227.0000
2023-06-20 00:00:00+00,1.092360,1.094620,1.089220,1.092000,79965.0000
2023-06-21 00:00:00+00,1.091980,1.099240,1.090580,1.099160,90656.0000
2023-06-22 00:00:00+00,1.099180,1.101200,1.094850,1.095550,84807.0000
2023-06-23 00:00:00+00,1.095550,1.095870,1.084440,1.089600,87797.0000
2023-06-25 00:00:00+00,1.089900,1.090730,1.089760,1.090630,3614.0000
2023-06-26 00:00:00+00,1.090640,1.092020,1.088740,1.090980,71334.0000
2023-06-27 00:00:00+00,1.090990,1.097660,1.090200,1.095750,82917.0000
2023-06-28 00:00:00+00,1.095760,1.096230,1.089680,1.091520,85695.0000
2023-06-29 00:00:00+00,1.091530,1.094140,1.086030,1.086740,89108.0000
2023-06-30 00:00:00+00,1.086760,1.093180,1.083540,1.091100,86782.0000
2023-07-02 00:00:00+00,1.091100,1.091350,1.090660,1.090740,2094.0000
2023-07-03 00:00:00+00,1.090760,1.093410,1.087040,1.091290,69753.0000
2023-07-04 00:00:00+00,1.091300,1.091650,1.087680,1.088240,42857.0000
2023-07-05 00:00:00+00,1.088260,1.090800,1.085100,1.085540,76739.0000
2023-07-06 00:00:00+00,1.085550,1.090060,1.083360,1.088960,97662.0000
2023-07-07 00:00:00+00,1.088940,1.097330,1.086700,1.096880,89665.0000
2023-07-09 00:00:00+00,1.096100,1.096980,1.095940,1.096700,2601.0000
2023-07-10 00:00:00+00,1.096710,1.100600,1.094360,1.100530,75947.0000
2023-07-11 00:00:00+00,1.100560,1.102740,1.097690,1.101380,69621.0000
2023-07-12 00:00:00+00,1.101370,1.114080,1.101200,1.114080,91074.0000
2023-07-13 00:00:00+00,1.114080,1.122980,1.112990,1.122340,89635.0000
2023-07-14 00:00:00+00,1.122360,1.124510,1.120410,1.122740,84528.0000
2023-07-16 00:00:00+00,1.123460,1.123680,1.122360,1.122720,3183.0000
2023-07-17 00:00:00+00,1.122740,1.124900,1.120330,1.123740,75908.0000
2023-07-18 00:00:00+00,1.123740,1.127570,1.120920,1.122840,106545.0000
2023-07-19 00:00:00+00,1.122840,1.124020,1.117440,1.120500,100992.0000
2023-07-20 00:00:00+00,1.120510,1.122920,1.111850,1.113450,98494.0000
2023-07-21 00:00:00+00,1.113440,1.114500,1.110780,1.112560,82381.0000
2023-07-23 00:00:00+00,1.112750,1.113150,1.112400,1.112440,2979.0000
2023-07-24 00:00:00+00,1.112450,1.114700,1.105980,1.106300,96863.0000
2023-07-25 00:00:00+00,1.106330,1.108700,1.102080,1.105020,80594.0000
2023-07-26 00:00:00+00,1.105020,1.110700,1.103780,1.107800,109356.0000
2023-07-27 00:00:00+00,1.107790,1.114980,1.096600,1.097800,128981.0000
2023-07-28 00:00:00+00,1.097810,1.104750,1.094360,1.101710,129207.0000
2023-07-30 00:00:00+00,1.101950,1.102900,1.101810,1.102390,4044.0000
2023-07-31 00:00:00+00,1.102400,1.104590,1.099360,1.099680,95191.0000
2023-08-01 00:00:00+00,1.099700,1.102060,1.095240,1.100780,94941.0000
2023-08-02 00:00:00+00,1.100760,1.100800,1.091790,1.094360,110206.0000
2023-08-03 00:00:00+00,1.094340,1.096290,1.091220,1.095100,118780.0000
2023-08-04 00:00:00+00,1.095110,1.104200,1.093520,1.100960,104372.0000
2023-08-06 00:00:00+00,1.101750,1.102060,1.100120,1.100250,5233.0000
2023-08-07 00:00:00+00,1.100240,1.101200,1.096540,1.100280,79981.0000
2023-08-08 00:00:00+00,1.100280,1.101130,1.092900,1.095920,97427.0000
2023-08-09 00:00:00+00,1.095940,1.099560,1.095530,1.097720,89181.0000
2023-08-10 00:00:00+00,1.097740,1.106520,1.096740,1.098180,106997.0000
2023-08-11 00:00:00+00,1.098180,1.100510,1.094300,1.094680,89587.0000
2023-08-13 00:00:00+00,1.095320,1.095430,1.094020,1.094340,3021.0000
2023-08-14 00:00:00+00,1.094340,1.096040,1.087480,1.090790,94617.0000
2023-08-15 00:00:00+00,1.090780,1.095240,1.089680,1.090400,107927.0000
2023-08-16 00:00:00+00,1.090380,1.093470,1.087160,1.087440,103885.0000
2023-08-17 00:00:00+00,1.087460,1.091860,1.085660,1.087450,101311.0000
2023-08-18 00:00:00+00,1.087440,1.089400,1.084500,1.087270,79655.0000
2023-08-20 00:00:00+00,1.087020,1.087870,1.087020,1.087510,2286.0000
2023-08-21 00:00:00+00,1.087470,1.091380,1.086970,1.089780,74512.0000
2023-08-22 00:00:00+00,1.089770,1.093040,1.083300,1.084650,71688.0000
2023-08-23 00:00:00+00,1.084650,1.087150,1.080240,1.086560,86573.0000
2023-08-24 00:00:00+00,1.086580,1.087680,1.079280,1.079910,77559.0000
2023-08-25 00:00:00+00,1.079920,1.084180,1.076580,1.079440,86801.0000
2023-08-27 00:00:00+00,1.079700,1.080120,1.079340,1.079710,2596.0000
2023-08-28 00:00:00+00,1.079720,1.082980,1.079620,1.082560,64396.0000
2023-08-29 00:00:00+00,1.082580,1.089200,1.078230,1.086920,80907.0000
2023-08-30 00:00:00+00,1.086940,1.094560,1.085520,1.092950,83421.0000
2023-08-31 00:00:00+00,1.092960,1.093980,1.083510,1.084260,80312.0000
2023-09-01 00:00:00+00,1.084280,1.088220,1.077210,1.077520,83707.0000
2023-09-03 00:00:00+00,1.077840,1.078260,1.077160,1.077580,1943.0000
2023-09-04 00:00:00+00,1.077560,1.080900,1.077320,1.079120,37426.0000
2023-09-05 00:00:00+00,1.079120,1.079850,1.070650,1.072460,75519.0000
2023-09-06 00:00:00+00,1.072480,1.074900,1.070270,1.072400,76764.0000
2023-09-07 00:00:00+00,1.072390,1.073200,1.068610,1.069760,64809.0000
2023-09-08 00:00:00+00,1.069780,1.074380,1.069400,1.069920,63829.0000
2023-09-10 00:00:00+00,1.071560,1.072060,1.070840,1.071620,3262.0000
2023-09-11 00:00:00+00,1.071640,1.075940,1.071020,1.074760,67993.0000
2023-09-12 00:00:00+00,1.074760,1.076940,1.070560,1.075310,64105.0000
2023-09-13 00:00:00+00,1.075320,1.076500,1.071120,1.073300,83712.0000
2023-09-14 00:00:00+00,1.073290,1.075230,1.063190,1.063500,88559.0000
2023-09-15 00:00:00+00,1.063510,1.068780,1.063330,1.065920,74026.0000
2023-09-17 00:00:00+00,1.066270,1.066920,1.066030,1.066800,1862.0000
2023-09-18 00:00:00+00,1.066820,1.069890,1.065480,1.069200,56680.0000
2023-09-19 00:00:00+00,1.069180,1.071800,1.067520,1.068140,60209.0000
2023-09-20 00:00:00+00,1.068160,1.073690,1.064770,1.065000,82550.0000
2023-09-21 00:00:00+00,1.064980,1.067360,1.061690,1.066040,85157.0000
2023-09-22 00:00:00+00,1.066060,1.067180,1.061500,1.064480,72892.0000
2023-09-24 00:00:00+00,1.065460,1.065460,1.064380,1.064840,2531.0000
2023-09-25 00:00:00+00,1.064830,1.065570,1.057530,1.059130,68106.0000
2023-09-26 00:00:00+00,1.059140,1.060910,1.056220,1.056920,67505.0000
2023-09-27 00:00:00+00,1.056920,1.057420,1.048800,1.050530,81365.0000
2023-09-28 00:00:00+00,1.050540,1.057900,1.049110,1.056220,95328.0000
2023-09-29 00:00:00+00,1.056240,1.061710,1.055810,1.057440,91384.0000
2023-10-01 00:00:00+00,1.057200,1.057350,1.055790,1.056410,3467.0000
2023-10-02 00:00:00+00,1.056420,1.059190,1.047530,1.048000,81576.0000
2023-10-03 00:00:00+00,1.048000,1.049360,1.044850,1.046860,93629.0000
2023-10-04 00:00:00+00,1.046860,1.053220,1.045150,1.050700,89929.0000
2023-10-05 00:00:00+00,1.050680,1.055180,1.050000,1.054640,93699.0000
2023-10-06 00:00:00+00,1.054660,1.060020,1.048240,1.058720,104503.0000
2023-10-08 00:00:00+00,1.055320,1.056840,1.055010,1.056620,5967.0000
2023-10-09 00:00:00+00,1.056650,1.057990,1.051950,1.057880,83741.0000
2023-10-10 00:00:00+00,1.057900,1.061990,1.055440,1.060440,102374.0000
2023-10-11 00:00:00+00,1.060440,1.063480,1.058180,1.062360,97307.0000
2023-10-12 00:00:00+00,1.062340,1.063990,1.052580,1.053560,93982.0000
2023-10-13 00:00:00+00,1.053580,1.055860,1.049540,1.050900,94336.0000
2023-10-15 00:00:00+00,1.051320,1.052580,1.051040,1.052200,3840.0000
2023-10-16 00:00:00+00,1.052230,1.056280,1.051560,1.055450,72933.0000
2023-10-17 00:00:00+00,1.055440,1.059500,1.053290,1.057280,85220.0000
2023-10-18 00:00:00+00,1.057290,1.059450,1.052320,1.053800,88986.0000
2023-10-19 00:00:00+00,1.053810,1.061680,1.052820,1.058660,114048.0000
2023-10-20 00:00:00+00,1.058630,1.060380,1.056500,1.059480,81539.0000
2023-10-22 00:00:00+00,1.059680,1.059750,1.058860,1.058960,2826.0000
2023-10-23 00:00:00+00,1.058960,1.067800,1.057150,1.066990,79446.0000
2023-10-24 00:00:00+00,1.067010,1.069460,1.058300,1.059520,84691.0000
2023-10-25 00:00:00+00,1.059530,1.060680,1.056020,1.056640,81109.0000
2023-10-26 00:00:00+00,1.056610,1.056930,1.052180,1.056400,93340.0000
2023-10-27 00:00:00+00,1.056380,1.059710,1.053520,1.056520,78211.0000
2023-10-29 00:00:00+00,1.056960,1.057670,1.055900,1.056200,3175.0000
2023-10-30 00:00:00+00,1.056200,1.062530,1.054720,1.061400,70475.0000
2023-10-31 00:00:00+00,1.061390,1.067500,1.055740,1.057800,94286.0000
2023-11-01 00:00:00+00,1.057770,1.058690,1.051660,1.058680,104938.0000
2023-11-02 00:00:00+00,1.058700,1.066780,1.058380,1.061570,87756.0000
2023-11-03 00:00:00+00,1.061600,1.074690,1.061490,1.072860,88990.0000
2023-11-05 00:00:00+00,1.072500,1.073360,1.072380,1.073150,1876.0000
2023-11-06 00:00:00+00,1.073160,1.075640,1.071620,1.071840,67840.0000
2023-11-07 00:00:00+00,1.071860,1.071960,1.066420,1.069560,78060.0000
2023-11-08 00:00:00+00,1.069560,1.071620,1.065940,1.071120,77753.0000
2023-11-09 00:00:00+00,1.071140,1.072560,1.066030,1.066700,90886.0000
2023-11-10 00:00:00+00,1.066720,1.069290,1.065620,1.068470,75673.0000
2023-11-12 00:00:00+00,1.068420,1.069080,1.068150,1.069060,2648.0000
2023-11-13 00:00:00+00,1.069040,1.070620,1.066510,1.070120,64092.0000
2023-11-14 00:00:00+00,1.070140,1.088760,1.069290,1.087760,89841.0000
2023-11-15 00:00:00+00,1.087780,1.088610,1.083160,1.085420,88033.0000
2023-11-16 00:00:00+00,1.085440,1.089560,1.083020,1.085320,83078.0000
2023-11-17 00:00:00+00,1.085320,1.091430,1.082480,1.091270,78874.0000
2023-11-19 00:00:00+00,1.091060,1.091260,1.090560,1.090560,1723.0000
2023-11-20 00:00:00+00,1.090540,1.095190,1.089750,1.094480,77676.0000
2023-11-21 00:00:00+00,1.094470,1.096520,1.090020,1.091720,83184.0000
2023-11-22 00:00:00+00,1.091740,1.092300,1.085240,1.088820,85349.0000
2023-11-23 00:00:00+00,1.088800,1.093090,1.088720,1.090380,48472.0000
2023-11-24 00:00:00+00,1.090430,1.094890,1.089500,1.093990,65529.0000
2023-11-26 00:00:00+00,1.094520,1.094780,1.093860,1.093970,1637.0000
2023-11-27 00:00:00+00,1.093970,1.095940,1.092500,1.095920,73971.0000
2023-11-28 00:00:00+00,1.095900,1.100900,1.093460,1.100410,89582.0000
2023-11-29 00:00:00+00,1.100440,1.101730,1.096020,1.097350,95946.0000
2023-11-30 00:00:00+00,1.097350,1.098400,1.087940,1.089180,102252.0000
2023-12-01 00:00:00+00,1.089200,1.091280,1.082890,1.088330,104202.0000
2023-12-03 00:00:00+00,1.087860,1.089500,1.087840,1.088580,4849.0000
2023-12-04 00:00:00+00,1.088600,1.088680,1.080410,1.083730,97408.0000
2023-12-05 00:00:00+00,1.083740,1.084760,1.077800,1.079340,102312.0000
2023-12-06 00:00:00+00,1.079360,1.080480,1.075870,1.076640,89107.0000
2023-12-07 00:00:00+00,1.076660,1.081780,1.075510,1.078980,108335.0000
2023-12-08 00:00:00+00,1.079010,1.080080,1.072370,1.076100,113708.0000
2023-12-10 00:00:00+00,1.075880,1.076780,1.075840,1.076540,1449.0000
2023-12-11 00:00:00+00,1.076540,1.077900,1.074160,1.076540,77690.0000
2023-12-12 00:00:00+00,1.076540,1.082820,1.076130,1.079840,90776.0000
2023-12-13 00:00:00+00,1.079840,1.089660,1.077320,1.088270,105081.0000
2023-12-14 00:00:00+00,1.088280,1.100940,1.087920,1.099340,141284.0000
2023-12-15 00:00:00+00,1.099360,1.100370,1.088860,1.089480,113130.0000
2023-12-17 00:00:00+00,1.089760,1.089810,1.089210,1.089500,1763.0000
2023-12-18 00:00:00+00,1.089480,1.093120,1.089380,1.092330,79712.0000
2023-12-19 00:00:00+00,1.092340,1.098760,1.091480,1.097950,91099.0000
2023-12-20 00:00:00+00,1.097960,1.097960,1.092980,1.094320,88375.0000
2023-12-21 00:00:00+00,1.094340,1.101270,1.093520,1.100570,101930.0000
2023-12-22 00:00:00+00,1.100620,1.104040,1.099400,1.101460,89045.0000
2023-12-25 00:00:00+00,1.100860,1.102320,1.100790,1.101880,1111.0000
2023-12-26 00:00:00+00,1.101900,1.104510,1.100870,1.104250,45719.0000
2023-12-27 00:00:00+00,1.104240,1.112280,1.102840,1.110830,65166.0000
2023-12-28 00:00:00+00,1.110840,1.113960,1.105520,1.106800,80955.0000
2023-12-29 00:00:00+00,1.106780,1.108440,1.103420,1.103740,78062.0000
2024-01-01 00:00:00+00,1.104400,1.104530,1.103560,1.103680,1206.0000
2024-01-02 00:00:00+00,1.103670,1.104340,1.093830,1.094160,87568.0000
2024-01-03 00:00:00+00,1.094180,1.096560,1.089290,1.092620,102246.0000
2024-01-04 00:00:00+00,1.092600,1.097240,1.091600,1.094630,89983.0000
2024-01-05 00:00:00+00,1.094620,1.099860,1.087700,1.094230,114029.0000
2024-01-07 00:00:00+00,1.094870,1.094870,1.093490,1.094180,1734.0000
2024-01-08 00:00:00+00,1.094140,1.097900,1.092260,1.094970,83933.0000
2024-01-09 00:00:00+00,1.094980,1.096650,1.091020,1.093180,86502.0000
2024-01-10 00:00:00+00,1.093170,1.097490,1.092300,1.097420,75484.0000
2024-01-11 00:00:00+00,1.097420,1.099960,1.093030,1.098240,118363.0000
2024-01-12 00:00:00+00,1.098260,1.098700,1.093600,1.095080,94212.0000
2024-01-14 00:00:00+00,1.094740,1.095140,1.094410,1.094520,2015.0000
2024-01-15 00:00:00+00,1.094520,1.096760,1.093360,1.094500,57251.0000
2024-01-16 00:00:00+00,1.094530,1.094640,1.086210,1.087870,112164.0000
2024-01-17 00:00:00+00,1.087890,1.088620,1.084460,1.088610,101439.0000
2024-01-18 00:00:00+00,1.088620,1.090680,1.084680,1.088020,102123.0000
2024-01-19 00:00:00+00,1.088030,1.089780,1.086570,1.089760,82361.0000
2024-01-21 00:00:00+00,1.089290,1.089780,1.088940,1.089210,3156.0000
2024-01-22 00:00:00+00,1.089190,1.090980,1.087680,1.087740,72807.0000
2024-01-23 00:00:00+00,1.087780,1.091600,1.082160,1.085740,79802.0000
2024-01-24 00:00:00+00,1.085760,1.093240,1.085140,1.088130,97427.0000
2024-01-25 00:00:00+00,1.088140,1.090210,1.082170,1.084560,99867.0000
2024-01-26 00:00:00+00,1.084560,1.088650,1.081290,1.085460,82779.0000
2024-01-28 00:00:00+00,1.084340,1.084970,1.084200,1.084240,3263.0000
2024-01-29 00:00:00+00,1.084250,1.085010,1.079600,1.083380,68881.0000
2024-01-30 00:00:00+00,1.083400,1.085740,1.081200,1.084300,81947.0000
2024-01-31 00:00:00+00,1.084310,1.088760,1.079500,1.080400,131264.0000
2024-02-01 00:00:00+00,1.080390,1.087640,1.078000,1.087430,111811.0000
2024-02-02 00:00:00+00,1.087440,1.089760,1.078050,1.078700,92516.0000
2024-02-04 00:00:00+00,1.078610,1.078740,1.077000,1.077980,3008.0000
2024-02-05 00:00:00+00,1.078000,1.078620,1.072330,1.074120,83225.0000
2024-02-06 00:00:00+00,1.074110,1.076240,1.072270,1.075700,81998.0000
2024-02-07 00:00:00+00,1.075680,1.078400,1.075580,1.077550,79559.0000
2024-02-08 00:00:00+00,1.077530,1.078890,1.074160,1.077780,72193.0000
2024-02-09 00:00:00+00,1.077800,1.079550,1.076220,1.078540,74352.0000
2024-02-11 00:00:00+00,1.078420,1.079830,1.078230,1.079790,2604.0000
2024-02-12 00:00:00+00,1.079800,1.080580,1.075600,1.077200,58624.0000
2024-02-13 00:00:00+00,1.077180,1.079660,1.070060,1.070850,82222.0000
2024-02-14 00:00:00+00,1.070860,1.073460,1.069500,1.073220,77330.0000
2024-02-15 00:00:00+00,1.073250,1.078500,1.072470,1.077270,75473.0000
2024-02-16 00:00:00+00,1.077280,1.078760,1.073210,1.077680,77670.0000
2024-02-18 00:00:00+00,1.077420,1.078520,1.077410,1.078410,1767.0000
2024-02-19 00:00:00+00,1.078400,1.078950,1.076200,1.077550,41797.0000
2024-02-20 00:00:00+00,1.077540,1.083900,1.076160,1.081000,78676.0000
2024-02-21 00:00:00+00,1.081010,1.082460,1.079000,1.082030,79943.0000
2024-02-22 00:00:00+00,1.082040,1.088850,1.080280,1.082540,84452.0000
2024-02-23 00:00:00+00,1.082550,1.083960,1.081180,1.082060,74326.0000
2024-02-25 00:00:00+00,1.083140,1.083140,1.081900,1.081920,1802.0000
2024-02-26 00:00:00+00,1.081900,1.085980,1.081260,1.085040,64487.0000
2024-02-27 00:00:00+00,1.085040,1.086600,1.083300,1.084120,70476.0000
2024-02-28 00:00:00+00,1.084130,1.084590,1.079660,1.083840,72820.0000
2024-02-29 00:00:00+00,1.083860,1.085600,1.079600,1.080580,98676.0000
2024-03-01 00:00:00+00,1.080580,1.084340,1.079820,1.083980,79681.0000
2024-03-03 00:00:00+00,1.084010,1.084420,1.083860,1.084180,2740.0000
2024-03-04 00:00:00+00,1.084210,1.086690,1.083790,1.085410,67281.0000
2024-03-05 00:00:00+00,1.085400,1.087600,1.084030,1.085550,68346.0000
2024-03-06 00:00:00+00,1.085560,1.091540,1.084220,1.089960,84410.0000
2024-03-07 00:00:00+00,1.089950,1.095150,1.086770,1.095100,85150.0000
2024-03-08 00:00:00+00,1.095120,1.098130,1.091920,1.093880,90493.0000
2024-03-10 00:00:00+00,1.094280,1.094380,1.093600,1.094290,3678.0000
2024-03-11 00:00:00+00,1.094300,1.094820,1.091460,1.093070,67790.0000
2024-03-12 00:00:00+00,1.093080,1.094410,1.090230,1.092680,77639.0000
2024-03-13 00:00:00+00,1.092680,1.096400,1.092000,1.095310,61985.0000
2024-03-14 00:00:00+00,1.095320,1.095480,1.088070,1.088270,71170.0000
2024-03-15 00:00:00+00,1.088280,1.089980,1.087300,1.088820,59625.0000
2024-03-17 00:00:00+00,1.089070,1.089240,1.088180,1.088360,3058.0000
2024-03-18 00:00:00+00,1.088400,1.090620,1.086600,1.087340,47880.0000
2024-03-19 00:00:00+00,1.087340,1.087660,1.083480,1.086180,71868.0000
2024-03-20 00:00:00+00,1.086170,1.093760,1.083650,1.093760,76853.0000
2024-03-21 00:00:00+00,1.093740,1.094270,1.085560,1.086220,80621.0000
2024-03-22 00:00:00+00,1.086210,1.086820,1.080180,1.080770,56518.0000
2024-03-24 00:00:00+00,1.080900,1.081080,1.080520,1.080740,1501.0000
2024-03-25 00:00:00+00,1.080740,1.084260,1.080210,1.083700,51228.0000
2024-03-26 00:00:00+00,1.083710,1.086440,1.082440,1.083250,52623.0000
2024-03-27 00:00:00+00,1.083260,1.083920,1.081010,1.081260,56045.0000
2024-03-28 00:00:00+00,1.081260,1.082680,1.077500,1.079120,68565.0000
2024-03-29 00:00:00+00,1.079140,1.080580,1.076820,1.079320,57707.0000
2024-03-31 00:00:00+00,1.079150,1.079740,1.078550,1.079320,4074.0000
2024-04-01 00:00:00+00,1.079320,1.079890,1.073090,1.073740,47013.0000
2024-04-02 00:00:00+00,1.073700,1.077930,1.072450,1.076800,54836.0000
2024-04-03 00:00:00+00,1.076800,1.084070,1.076410,1.083820,58282.0000
2024-04-04 00:00:00+00,1.083800,1.087660,1.083190,1.083660,57968.0000
2024-04-05 00:00:00+00,1.083650,1.084790,1.079140,1.083760,66665.0000
2024-04-07 00:00:00+00,1.083830,1.083860,1.082740,1.082980,2689.0000
2024-04-08 00:00:00+00,1.082980,1.086380,1.082090,1.086220,57722.0000
2024-04-09 00:00:00+00,1.086200,1.088510,1.084770,1.085880,54320.0000
2024-04-10 00:00:00+00,1.085900,1.086650,1.072880,1.074120,83035.0000
2024-04-11 00:00:00+00,1.074130,1.075660,1.069920,1.072610,80913.0000
2024-04-12 00:00:00+00,1.072620,1.072840,1.062280,1.064170,70792.0000
2024-04-14 00:00:00+00,1.063720,1.065180,1.063380,1.064620,6316.0000
2024-04-15 00:00:00+00,1.064620,1.066530,1.062030,1.062480,75243.0000
2024-04-16 00:00:00+00,1.062440,1.065390,1.060110,1.062110,91279.0000
2024-04-17 00:00:00+00,1.062120,1.067970,1.060610,1.066900,76815.0000
2024-04-18 00:00:00+00,1.066900,1.069010,1.064010,1.064240,67068.0000
2024-04-19 00:00:00+00,1.064230,1.067760,1.061040,1.065640,96295.0000
2024-04-21 00:00:00+00,1.065350,1.066240,1.065280,1.065760,2472.0000
2024-04-22 00:00:00+00,1.065770,1.067080,1.062400,1.065390,55190.0000
2024-04-23 00:00:00+00,1.065400,1.071140,1.063860,1.070260,65436.0000
2024-04-24 00:00:00+00,1.070260,1.071440,1.067800,1.070010,55186.0000
2024-04-25 00:00:00+00,1.070040,1.074020,1.067840,1.072680,65276.0000
2024-04-26 00:00:00+00,1.072680,1.075300,1.067400,1.069320,64789.0000
2024-04-28 00:00:00+00,1.069380,1.070720,1.069380,1.070720,2758.0000
2024-04-29 00:00:00+00,1.070750,1.073380,1.069020,1.071480,81054.0000
2024-04-30 00:00:00+00,1.071460,1.073550,1.066480,1.066590,70300.0000
2024-05-01 00:00:00+00,1.066620,1.073280,1.064940,1.071720,78295.0000
2024-05-02 00:00:00+00,1.071700,1.073100,1.067420,1.072980,70678.0000
2024-05-03 00:00:00+00,1.072990,1.081260,1.072440,1.076300,76789.0000
2024-05-05 00:00:00+00,1.076420,1.076480,1.075740,1.075840,1944.0000
2024-05-06 00:00:00+00,1.075830,1.079090,1.075520,1.076740,42849.0000
2024-05-07 00:00:00+00,1.076720,1.078740,1.074740,1.074990,48726.0000
2024-05-08 00:00:00+00,1.074980,1.075760,1.073500,1.074690,41410.0000
2024-05-09 00:00:00+00,1.074680,1.078600,1.072400,1.078170,46444.0000
2024-05-10 00:00:00+00,1.078180,1.079020,1.076040,1.077080,44808.0000
2024-05-12 00:00:00+00,1.077300,1.077540,1.076800,1.077040,2330.0000
2024-05-13 00:00:00+00,1.077020,1.080700,1.076580,1.079200,42885.0000
2024-05-14 00:00:00+00,1.079210,1.082570,1.076720,1.081400,49594.0000
2024-05-15 00:00:00+00,1.081380,1.089040,1.081300,1.088860,57489.0000
2024-05-16 00:00:00+00,1.088840,1.089510,1.085450,1.086780,49961.0000
2024-05-17 00:00:00+00,1.086800,1.087860,1.083580,1.086970,40860.0000
2024-05-19 00:00:00+00,1.086800,1.087430,1.086460,1.087260,1442.0000
2024-05-20 00:00:00+00,1.087260,1.088460,1.085430,1.086040,41555.0000
2024-05-21 00:00:00+00,1.086060,1.087480,1.084270,1.085410,48048.0000
2024-05-22 00:00:00+00,1.085400,1.086360,1.081750,1.082510,50242.0000
2024-05-23 00:00:00+00,1.082530,1.086100,1.080480,1.081160,63480.0000
2024-05-24 00:00:00+00,1.081160,1.085790,1.080560,1.084680,42182.0000
2024-05-26 00:00:00+00,1.085050,1.085160,1.084470,1.084660,1772.0000
2024-05-27 00:00:00+00,1.084670,1.086750,1.084060,1.086150,30447.0000
2024-05-28 00:00:00+00,1.086160,1.088910,1.085120,1.085120,49288.0000
2024-05-29 00:00:00+00,1.085140,1.085900,1.079940,1.080120,56317.0000
2024-05-30 00:00:00+00,1.080120,1.084520,1.078820,1.083140,55893.0000
2024-05-31 00:00:00+00,1.083160,1.088250,1.081140,1.084860,62607.0000
2024-06-02 00:00:00+00,1.085040,1.085440,1.084680,1.085260,2359.0000
2024-06-03 00:00:00+00,1.085240,1.090980,1.082780,1.090720,58801.0000
2024-06-04 00:00:00+00,1.090750,1.091600,1.085900,1.088180,66040.0000
2024-06-05 00:00:00+00,1.088160,1.089160,1.085450,1.087420,57975.0000
2024-06-06 00:00:00+00,1.087420,1.090210,1.086200,1.089180,56526.0000
2024-06-07 00:00:00+00,1.089150,1.090230,1.079930,1.080170,67001.0000
2024-06-09 00:00:00+00,1.076990,1.077980,1.076520,1.077880,4775.0000
2024-06-10 00:00:00+00,1.077880,1.078170,1.073280,1.076360,56063.0000
2024-06-11 00:00:00+00,1.076340,1.077360,1.071960,1.074010,54807.0000
2024-06-12 00:00:00+00,1.074000,1.085240,1.073460,1.081280,88308.0000
2024-06-13 00:00:00+00,1.081270,1.081650,1.073290,1.073760,63678.0000
2024-06-14 00:00:00+00,1.073760,1.074500,1.066760,1.070280,74248.0000
2024-06-16 00:00:00+00,1.070680,1.070940,1.070200,1.070260,2259.0000
2024-06-17 00:00:00+00,1.070240,1.074110,1.068640,1.074000,58021.0000
2024-06-18 00:00:00+00,1.074020,1.076140,1.071010,1.073860,58378.0000
2024-06-19 00:00:00+00,1.073850,1.075350,1.072480,1.074720,39091.0000
2024-06-20 00:00:00+00,1.074680,1.074850,1.070140,1.070600,55242.0000
2024-06-21 00:00:00+00,1.070600,1.072070,1.067100,1.069270,58339.0000
2024-06-23 00:00:00+00,1.068910,1.069560,1.068700,1.068780,2584.0000
2024-06-24 00:00:00+00,1.068810,1.074650,1.068360,1.073220,55090.0000
2024-06-25 00:00:00+00,1.073210,1.074440,1.069060,1.070920,51768.0000
2024-06-26 00:00:00+00,1.070910,1.071800,1.066600,1.068000,61189.0000
2024-06-27 00:00:00+00,1.067990,1.072640,1.067700,1.070780,59325.0000
2024-06-28 00:00:00+00,1.070780,1.072480,1.068550,1.071310,73238.0000
2024-06-30 00:00:00+00,1.074400,1.074620,1.073260,1.073500,3328.0000
2024-07-01 00:00:00+00,1.073500,1.077660,1.071960,1.073640,68026.0000
2024-07-02 00:00:00+00,1.073680,1.074930,1.071000,1.074800,59999.0000
2024-07-03 00:00:00+00,1.074810,1.081680,1.073640,1.079120,57187.0000
2024-07-04 00:00:00+00,1.079120,1.081410,1.078370,1.081040,36675.0000
2024-07-05 00:00:00+00,1.081050,1.084260,1.080000,1.083840,63433.0000
2024-07-07 00:00:00+00,1.080620,1.083320,1.080440,1.082560,3868.0000
2024-07-08 00:00:00+00,1.082550,1.084500,1.081460,1.083060,59223.0000
2024-07-09 00:00:00+00,1.083090,1.083340,1.080540,1.081440,60030.0000
2024-07-10 00:00:00+00,1.081450,1.083670,1.081090,1.083320,54027.0000
2024-07-11 00:00:00+00,1.083330,1.090000,1.083240,1.087400,100603.0000
2024-07-12 00:00:00+00,1.087410,1.091140,1.086170,1.090700,85185.0000
2024-07-14 00:00:00+00,1.088540,1.089560,1.088340,1.088570,5369.0000
2024-07-15 00:00:00+00,1.088580,1.092240,1.088340,1.089820,81875.0000
2024-07-16 00:00:00+00,1.089830,1.090560,1.087160,1.090190,80516.0000
2024-07-17 00:00:00+00,1.090210,1.094820,1.089520,1.094040,93564.0000
2024-07-18 00:00:00+00,1.094030,1.094080,1.089360,1.090040,91523.0000
2024-07-19 00:00:00+00,1.090020,1.090040,1.087580,1.088210,82246.0000
2024-07-21 00:00:00+00,1.088470,1.090300,1.088380,1.089900,3896.0000
2024-07-22 00:00:00+00,1.089890,1.089970,1.087320,1.088900,79327.0000
2024-07-23 00:00:00+00,1.088910,1.089680,1.084390,1.084970,74600.0000
2024-07-24 00:00:00+00,1.084960,1.086660,1.082560,1.083810,89537.0000
2024-07-25 00:00:00+00,1.083800,1.087000,1.082840,1.085140,110575.0000
2024-07-26 00:00:00+00,1.085140,1.086820,1.084220,1.085580,77110.0000
2024-07-28 00:00:00+00,1.085920,1.086080,1.085280,1.085300,3663.0000
2024-07-29 00:00:00+00,1.085280,1.087000,1.080280,1.081920,78146.0000
2024-07-30 00:00:00+00,1.081920,1.083580,1.079820,1.081580,86421.0000
2024-07-31 00:00:00+00,1.081570,1.084960,1.080190,1.082390,115261.0000
2024-08-01 00:00:00+00,1.082380,1.083540,1.077740,1.078640,119161.0000
2024-08-02 00:00:00+00,1.078630,1.092670,1.078180,1.091110,137263.0000
2024-08-04 00:00:00+00,1.092130,1.092400,1.090300,1.091060,7902.0000
2024-08-05 00:00:00+00,1.091060,1.100890,1.089260,1.095050,235524.0000
2024-08-06 00:00:00+00,1.095060,1.096310,1.090380,1.092580,164000.0000
2024-08-07 00:00:00+00,1.092580,1.093660,1.090540,1.092740,121137.0000
2024-08-08 00:00:00+00,1.092780,1.094520,1.088140,1.091500,121156.0000
2024-08-09 00:00:00+00,1.091510,1.093140,1.090900,1.091560,88098.0000
2024-08-11 00:00:00+00,1.091710,1.091970,1.091020,1.091280,3373.0000
2024-08-12 00:00:00+00,1.091280,1.093940,1.091180,1.093620,75335.0000
2024-08-13 00:00:00+00,1.093620,1.099970,1.091380,1.099600,86492.0000
2024-08-14 00:00:00+00,1.099600,1.104740,1.098640,1.101160,86047.0000
2024-08-15 00:00:00+00,1.101160,1.101560,1.094960,1.097240,82040.0000
2024-08-16 00:00:00+00,1.097240,1.102980,1.097180,1.102800,70712.0000
2024-08-18 00:00:00+00,1.102780,1.103440,1.102280,1.102480,3195.0000
2024-08-19 00:00:00+00,1.102480,1.108750,1.102320,1.108560,80932.0000
2024-08-20 00:00:00+00,1.108580,1.113180,1.107180,1.112760,93496.0000
2024-08-21 00:00:00+00,1.112740,1.117410,1.109910,1.115510,95167.0000
2024-08-22 00:00:00+00,1.115520,1.116510,1.109810,1.111610,90192.0000
2024-08-23 00:00:00+00,1.111600,1.120090,1.110560,1.119270,99506.0000
2024-08-25 00:00:00+00,1.119020,1.119580,1.118660,1.118950,5278.0000
2024-08-26 00:00:00+00,1.118940,1.120170,1.115020,1.116460,93084.0000
2024-08-27 00:00:00+00,1.116470,1.119060,1.115000,1.117720,83822.0000
2024-08-28 00:00:00+00,1.117700,1.118010,1.110500,1.112460,93295.0000
2024-08-29 00:00:00+00,1.112460,1.114000,1.105560,1.108020,103238.0000
2024-08-30 00:00:00+00,1.108030,1.109500,1.104400,1.104700,94311.0000
2024-09-01 00:00:00+00,1.104890,1.104980,1.104420,1.104470,2996.0000
2024-09-02 00:00:00+00,1.104460,1.107740,1.104200,1.106720,57077.0000
2024-09-03 00:00:00+00,1.106730,1.107040,1.102640,1.104860,103844.0000
2024-09-04 00:00:00+00,1.104820,1.109520,1.104000,1.108020,99502.0000
2024-09-05 00:00:00+00,1.108020,1.111980,1.107480,1.111120,100759.0000
2024-09-06 00:00:00+00,1.111110,1.115560,1.106570,1.108560,134579.0000
2024-09-08 00:00:00+00,1.108270,1.109090,1.108260,1.108660,4351.0000
2024-09-09 00:00:00+00,1.108630,1.109110,1.103390,1.103540,80315.0000
2024-09-10 00:00:00+00,1.103530,1.104960,1.101530,1.102020,75800.0000
2024-09-11 00:00:00+00,1.102020,1.105490,1.100200,1.101030,104343.0000
2024-09-12 00:00:00+00,1.101020,1.107930,1.100550,1.107900,91261.0000
2024-09-13 00:00:00+00,1.107900,1.110200,1.107290,1.107560,87592.0000
2024-09-15 00:00:00+00,1.108020,1.108950,1.107570,1.108740,3649.0000
2024-09-16 00:00:00+00,1.108740,1.113760,1.108670,1.112920,77590.0000
2024-09-17 00:00:00+00,1.112920,1.114630,1.111070,1.112220,92744.0000
2024-09-18 00:00:00+00,1.112220,1.118920,1.109660,1.111400,118387.0000
2024-09-19 00:00:00+00,1.111420,1.117880,1.106860,1.115960,125139.0000
2024-09-20 00:00:00+00,1.115980,1.118200,1.113610,1.116360,104933.0000
2024-09-22 00:00:00+00,1.116280,1.116620,1.115900,1.115910,3069.0000
2024-09-23 00:00:00+00,1.115900,1.116730,1.108320,1.111100,98355.0000
2024-09-24 00:00:00+00,1.111090,1.119110,1.110350,1.119100,89942.0000
2024-09-25 00:00:00+00,1.119080,1.121420,1.112160,1.112970,92892.0000
2024-09-26 00:00:00+00,1.112960,1.118940,1.112580,1.117700,109595.0000
2024-09-27 00:00:00+00,1.117700,1.120310,1.112480,1.116400,112511.0000
2024-09-29 00:00:00+00,1.115950,1.117240,1.115780,1.116900,3547.0000
2024-09-30 00:00:00+00,1.116900,1.120900,1.111370,1.113660,109772.0000
2024-10-01 00:00:00+00,1.113660,1.114420,1.104600,1.106460,127955.0000
2024-10-02 00:00:00+00,1.106480,1.108290,1.103270,1.104580,104041.0000
2024-10-03 00:00:00+00,1.104580,1.104700,1.100840,1.103520,113344.0000
2024-10-04 00:00:00+00,1.103500,1.103960,1.095140,1.097500,142642.0000
2024-10-06 00:00:00+00,1.096780,1.097300,1.096320,1.097040,5952.0000
2024-10-07 00:00:00+00,1.097060,1.098700,1.095420,1.097440,144577.0000
2024-10-08 00:00:00+00,1.097430,1.099730,1.096100,1.097560,136289.0000
2024-10-09 00:00:00+00,1.097550,1.097880,1.093620,1.094160,123535.0000
2024-10-10 00:00:00+00,1.094170,1.095520,1.090010,1.093370,157797.0000
2024-10-11 00:00:00+00,1.093360,1.095380,1.092610,1.093700,96524.0000
2024-10-13 00:00:00+00,1.093280,1.093380,1.092240,1.092320,3273.0000
2024-10-14 00:00:00+00,1.092320,1.093670,1.088820,1.090890,91980.0000
2024-10-15 00:00:00+00,1.090880,1.091680,1.088190,1.088320,110236.0000
2024-10-16 00:00:00+00,1.088320,1.090160,1.085320,1.085880,109877.0000
2024-10-17 00:00:00+00,1.085880,1.087420,1.081120,1.082920,130861.0000
2024-10-18 00:00:00+00,1.082920,1.086960,1.082750,1.086740,97422.0000
2024-10-20 00:00:00+00,1.086140,1.087180,1.086140,1.086840,3774.0000
2024-10-21 00:00:00+00,1.086830,1.086910,1.081100,1.081540,101348.0000
2024-10-22 00:00:00+00,1.081530,1.083800,1.079260,1.079640,106855.0000
2024-10-23 00:00:00+00,1.079620,1.080680,1.076120,1.078040,117777.0000
2024-10-24 00:00:00+00,1.078040,1.082990,1.077040,1.082400,133401.0000
2024-10-25 00:00:00+00,1.082400,1.083940,1.079300,1.079620,102664.0000
2024-10-27 00:00:00+00,1.079400,1.080180,1.078740,1.079600,6425.0000
2024-10-28 00:00:00+00,1.079600,1.082770,1.078210,1.081780,110010.0000
2024-10-29 00:00:00+00,1.081780,1.082640,1.076900,1.081980,140573.0000
2024-10-30 00:00:00+00,1.081960,1.087150,1.080800,1.085820,143306.0000
2024-10-31 00:00:00+00,1.085830,1.088820,1.084410,1.088400,161409.0000
2024-11-01 00:00:00+00,1.088400,1.090580,1.083180,1.083360,138548.0000
2024-11-03 00:00:00+00,1.088190,1.088310,1.087220,1.087280,5296.0000
2024-11-04 00:00:00+00,1.087280,1.091480,1.086990,1.087380,131296.0000
2024-11-05 00:00:00+00,1.087390,1.093740,1.087260,1.093400,104535.0000
2024-11-06 00:00:00+00,1.093400,1.093400,1.068260,1.073180,396064.0000
2024-11-07 00:00:00+00,1.073160,1.082480,1.071290,1.079540,201351.0000
2024-11-08 00:00:00+00,1.079540,1.079760,1.068680,1.071860,160115.0000
2024-11-10 00:00:00+00,1.071000,1.071700,1.070880,1.071340,4508.0000
2024-11-11 00:00:00+00,1.071340,1.072800,1.062860,1.066320,119558.0000
2024-11-12 00:00:00+00,1.066310,1.066310,1.059500,1.061650,146185.0000
2024-11-13 00:00:00+00,1.061660,1.065460,1.055580,1.056580,178299.0000
2024-11-14 00:00:00+00,1.056580,1.058250,1.049630,1.052970,179556.0000
2024-11-15 00:00:00+00,1.052980,1.059300,1.051640,1.054000,176225.0000
2024-11-17 00:00:00+00,1.053060,1.053890,1.053040,1.053640,3172.0000
2024-11-18 00:00:00+00,1.053640,1.060720,1.053040,1.059460,131488.0000
2024-11-19 00:00:00+00,1.059470,1.060800,1.052340,1.060720,177730.0000
2024-11-20 00:00:00+00,1.060700,1.060980,1.050680,1.054580,132261.0000
2024-11-21 00:00:00+00,1.054580,1.055500,1.046220,1.046920,150202.0000
2024-11-22 00:00:00+00,1.046910,1.049810,1.033190,1.041860,195846.0000
2024-11-24 00:00:00+00,1.047860,1.050160,1.046340,1.047940,10114.0000
2024-11-25 00:00:00+00,1.047920,1.053040,1.044270,1.044400,180537.0000
2024-11-26 00:00:00+00,1.044420,1.054480,1.042500,1.049170,205789.0000
2024-11-27 00:00:00+00,1.049160,1.058770,1.047440,1.056200,184156.0000
2024-11-28 00:00:00+00,1.056210,1.056300,1.052750,1.056020,118341.0000
2024-11-29 00:00:00+00,1.056030,1.059730,1.054140,1.057780,185277.0000
2024-12-01 00:00:00+00,1.056870,1.057060,1.053350,1.054400,7859.0000
2024-12-02 00:00:00+00,1.054410,1.054640,1.046060,1.050080,218327.0000
2024-12-03 00:00:00+00,1.050080,1.053510,1.048060,1.051000,163316.0000
2024-12-04 00:00:00+00,1.051000,1.054420,1.047230,1.051240,183515.0000
2024-12-05 00:00:00+00,1.051260,1.058970,1.050820,1.058640,145167.0000
2024-12-06 00:00:00+00,1.058630,1.063000,1.054240,1.056730,153856.0000
2024-12-08 00:00:00+00,1.055930,1.056940,1.055900,1.056560,3059.0000
2024-12-09 00:00:00+00,1.056580,1.059440,1.053220,1.055430,126620.0000
2024-12-10 00:00:00+00,1.055440,1.056830,1.049850,1.053110,127499.0000
2024-12-11 00:00:00+00,1.053140,1.053940,1.048020,1.050560,167590.0000
2024-12-12 00:00:00+00,1.050550,1.053100,1.046380,1.047380,178850.0000
2024-12-13 00:00:00+00,1.047370,1.052430,1.045320,1.050250,136034.0000
2024-12-15 00:00:00+00,1.048940,1.051110,1.048520,1.050960,4738.0000
2024-12-16 00:00:00+00,1.050950,1.052480,1.047460,1.051700,130289.0000
2024-12-17 00:00:00+00,1.051700,1.053440,1.047920,1.049470,134204.0000
2024-12-18 00:00:00+00,1.049460,1.051290,1.034390,1.035060,178495.0000
2024-12-19 00:00:00+00,1.035060,1.042240,1.035060,1.036460,196536.0000
2024-12-20 00:00:00+00,1.036460,1.044760,1.034300,1.042940,171542.0000
2024-12-22 00:00:00+00,1.043160,1.044620,1.043020,1.043380,4164.0000
2024-12-23 00:00:00+00,1.043390,1.044540,1.038430,1.040440,107165.0000
2024-12-24 00:00:00+00,1.040420,1.041020,1.038360,1.039660,73272.0000
2024-12-25 00:00:00+00,1.040420,1.040670,1.039620,1.039910,2797.0000
2024-12-26 00:00:00+00,1.039920,1.043000,1.039060,1.042190,83777.0000
2024-12-27 00:00:00+00,1.042180,1.044410,1.040520,1.042660,91143.0000
2024-12-29 00:00:00+00,1.043160,1.043460,1.042740,1.042960,2405.0000
2024-12-30 00:00:00+00,1.042970,1.045840,1.037180,1.040580,113683.0000
2024-12-31 00:00:00+00,1.040580,1.042450,1.034390,1.035330,119780.0000
2025-01-01 00:00:00+00,1.035500,1.035860,1.034650,1.035090,3348.0000
2025-01-02 00:00:00+00,1.035100,1.037590,1.022410,1.026770,163209.0000
2025-01-03 00:00:00+00,1.026780,1.031000,1.026460,1.030900,112386.0000
2025-01-05 00:00:00+00,1.030570,1.030800,1.029730,1.030520,2561.0000
2025-01-06 00:00:00+00,1.030540,1.043700,1.029560,1.038320,199414.0000
2025-01-07 00:00:00+00,1.038340,1.043450,1.033920,1.034160,159629.0000
2025-01-08 00:00:00+00,1.034170,1.035770,1.027320,1.031320,167615.0000
2025-01-09 00:00:00+00,1.031360,1.032160,1.028360,1.029670,110312.0000
2025-01-10 00:00:00+00,1.029680,1.031200,1.021280,1.024420,176780.0000
2025-01-12 00:00:00+00,1.024040,1.024700,1.023880,1.024290,3201.0000
2025-01-13 00:00:00+00,1.024300,1.027780,1.017790,1.026390,166326.0000
2025-01-14 00:00:00+00,1.026400,1.030860,1.023850,1.030620,166116.0000
2025-01-15 00:00:00+00,1.030590,1.035480,1.025830,1.029520,156134.0000
2025-01-16 00:00:00+00,1.029500,1.031520,1.026080,1.030140,159546.0000
2025-01-17 00:00:00+00,1.030130,1.033080,1.026530,1.027180,139289.0000
2025-01-19 00:00:00+00,1.028250,1.028640,1.026640,1.028070,3819.0000
2025-01-20 00:00:00+00,1.028060,1.043450,1.027820,1.042100,189904.0000
2025-01-21 00:00:00+00,1.042110,1.043560,1.034170,1.040580,218642.0000
2025-01-22 00:00:00+00,1.040570,1.045740,1.039980,1.040790,140133.0000
2025-01-23 00:00:00+00,1.040780,1.043800,1.037210,1.041580,165565.0000
2025-01-24 00:00:00+00,1.041580,1.052150,1.041160,1.049530,172699.0000
2025-01-26 00:00:00+00,1.048080,1.048630,1.046520,1.046760,4213.0000
2025-01-27 00:00:00+00,1.046750,1.053330,1.042820,1.043720,187497.0000
2025-01-28 00:00:00+00,1.043720,1.045670,1.041380,1.042730,155054.0000
2025-01-29 00:00:00+00,1.042740,1.044380,1.038240,1.042470,175580.0000
2025-01-30 00:00:00+00,1.042460,1.046780,1.038510,1.039700,170132.0000
2025-01-31 00:00:00+00,1.039700,1.043400,1.035000,1.036100,213741.0000
2025-02-02 00:00:00+00,1.024540,1.027020,1.023470,1.024710,18923.0000
2025-02-03 00:00:00+00,1.024680,1.035210,1.021050,1.032810,320887.0000
2025-02-04 00:00:00+00,1.032840,1.038770,1.027190,1.037160,175095.0000
2025-02-05 00:00:00+00,1.037160,1.044320,1.036960,1.039870,155638.0000
2025-02-06 00:00:00+00,1.039880,1.040560,1.035260,1.038520,136196.0000
2025-02-07 00:00:00+00,1.038520,1.041340,1.030520,1.032700,181068.0000
2025-02-09 00:00:00+00,1.029250,1.031360,1.028380,1.030960,6073.0000
2025-02-10 00:00:00+00,1.030960,1.033660,1.029840,1.030060,110406.0000
2025-02-11 00:00:00+00,1.030070,1.038160,1.029220,1.036330,117880.0000
2025-02-12 00:00:00+00,1.036380,1.042990,1.031700,1.039240,174229.0000
2025-02-13 00:00:00+00,1.039260,1.046920,1.037320,1.046160,194754.0000
2025-02-14 00:00:00+00,1.046160,1.051440,1.044710,1.049200,133623.0000
2025-02-16 00:00:00+00,1.048620,1.049440,1.048480,1.048880,3444.0000
2025-02-17 00:00:00+00,1.048880,1.050650,1.046720,1.048500,87819.0000
2025-02-18 00:00:00+00,1.048500,1.048640,1.043520,1.044820,115785.0000
2025-02-19 00:00:00+00,1.044820,1.046150,1.040090,1.042080,120901.0000
2025-02-20 00:00:00+00,1.042080,1.050590,1.041870,1.050040,130396.0000
2025-02-21 00:00:00+00,1.050020,1.050500,1.044940,1.046080,133311.0000
2025-02-23 00:00:00+00,1.046900,1.048490,1.046180,1.047410,5719.0000
2025-02-24 00:00:00+00,1.047400,1.052840,1.045280,1.046160,161984.0000
2025-02-25 00:00:00+00,1.046170,1.052290,1.045630,1.052040,147224.0000
2025-02-26 00:00:00+00,1.052050,1.052900,1.047500,1.048800,158407.0000
2025-02-27 00:00:00+00,1.048800,1.048980,1.038920,1.039380,161445.0000
2025-02-28 00:00:00+00,1.039390,1.042000,1.036000,1.037540,168106.0000
2025-03-02 00:00:00+00,1.040480,1.042120,1.039980,1.041220,6070.0000
2025-03-03 00:00:00+00,1.041220,1.050400,1.038860,1.048560,187006.0000
2025-03-04 00:00:00+00,1.048560,1.063720,1.047100,1.062320,234252.0000
2025-03-05 00:00:00+00,1.062320,1.079680,1.060200,1.079420,278232.0000
2025-03-06 00:00:00+00,1.079430,1.085360,1.076580,1.078750,267139.0000
2025-03-07 00:00:00+00,1.078740,1.088900,1.078140,1.083450,221862.0000
2025-03-09 00:00:00+00,1.083020,1.086550,1.083020,1.086020,8771.0000
2025-03-10 00:00:00+00,1.086020,1.087470,1.080500,1.083940,197103.0000
2025-03-11 00:00:00+00,1.083950,1.094720,1.083560,1.091420,203530.0000
2025-03-12 00:00:00+00,1.091420,1.093220,1.087570,1.088540,194043.0000
2025-03-13 00:00:00+00,1.088560,1.089730,1.082260,1.085500,181901.0000
2025-03-14 00:00:00+00,1.085490,1.091270,1.083060,1.087890,165565.0000
2025-03-16 00:00:00+00,1.088120,1.088550,1.087480,1.087960,4298.0000
2025-03-17 00:00:00+00,1.087970,1.092990,1.086860,1.091820,127366.0000
2025-03-18 00:00:00+00,1.091820,1.095480,1.089260,1.093860,119050.0000
2025-03-19 00:00:00+00,1.093860,1.094520,1.086060,1.091180,144304.0000
2025-03-20 00:00:00+00,1.091180,1.091740,1.081460,1.085320,130341.0000
2025-03-21 00:00:00+00,1.085330,1.086140,1.079690,1.081550,113329.0000
2025-03-23 00:00:00+00,1.081560,1.083720,1.081410,1.083600,5037.0000
2025-03-24 00:00:00+00,1.083610,1.085830,1.078160,1.080260,133927.0000
2025-03-25 00:00:00+00,1.080250,1.083020,1.077700,1.078880,114915.0000
2025-03-26 00:00:00+00,1.078890,1.080290,1.073300,1.074110,129622.0000
2025-03-27 00:00:00+00,1.074120,1.082120,1.074080,1.080090,126814.0000
2025-03-28 00:00:00+00,1.080080,1.084480,1.076460,1.083080,114576.0000
2025-03-30 00:00:00+00,1.082810,1.082940,1.080550,1.082380,8308.0000
2025-03-31 00:00:00+00,1.082380,1.084950,1.078400,1.081760,137192.0000
2025-04-01 00:00:00+00,1.081770,1.083000,1.077830,1.079440,131285.0000
2025-04-02 00:00:00+00,1.079440,1.092440,1.078020,1.090450,186662.0000
2025-04-03 00:00:00+00,1.090430,1.114640,1.087990,1.104520,341406.0000
2025-04-04 00:00:00+00,1.104520,1.110780,1.092420,1.096450,459315.0000
2025-04-06 00:00:00+00,1.089260,1.100170,1.088140,1.098320,40637.0000
2025-04-07 00:00:00+00,1.098340,1.105020,1.090060,1.091480,481125.0000
2025-04-08 00:00:00+00,1.091490,1.099200,1.088830,1.097760,327451.0000
2025-04-09 00:00:00+00,1.097760,1.109520,1.091340,1.095100,566208.0000
2025-04-10 00:00:00+00,1.095080,1.126260,1.095060,1.125740,402165.0000
2025-04-11 00:00:00+00,1.125740,1.147390,1.124640,1.135990,570485.0000
2025-04-13 00:00:00+00,1.132140,1.135520,1.131780,1.134220,20164.0000
2025-04-14 00:00:00+00,1.134230,1.142470,1.129600,1.133630,308810.0000
2025-04-15 00:00:00+00,1.133640,1.137920,1.126400,1.129380,239828.0000
2025-04-16 00:00:00+00,1.129380,1.141300,1.129300,1.139580,289273.0000
2025-04-17 00:00:00+00,1.139560,1.139710,1.133520,1.137240,257816.0000
2025-04-18 00:00:00+00,1.137180,1.139780,1.135920,1.139500,187021.0000
2025-04-20 00:00:00+00,1.139730,1.145860,1.139580,1.144910,17197.0000
2025-04-21 00:00:00+00,1.144900,1.157340,1.144900,1.151420,228295.0000
2025-04-22 00:00:00+00,1.151430,1.154750,1.130800,1.135080,294145.0000
2025-04-23 00:00:00+00,1.135060,1.144010,1.131040,1.132960,309681.0000
2025-04-24 00:00:00+00,1.132980,1.139820,1.132160,1.137280,198528.0000
2025-04-25 00:00:00+00,1.137240,1.138880,1.131560,1.136360,174663.0000
2025-04-27 00:00:00+00,1.136580,1.136730,1.134000,1.134500,5495.0000
2025-04-28 00:00:00+00,1.134510,1.142500,1.132960,1.140780,169721.0000
2025-04-29 00:00:00+00,1.140800,1.142020,1.137040,1.139060,181750.0000
2025-04-30 00:00:00+00,1.139080,1.139980,1.131720,1.132220,191522.0000
2025-05-01 00:00:00+00,1.132210,1.134120,1.126580,1.129580,158711.0000
2025-05-02 00:00:00+00,1.129580,1.138110,1.127420,1.130050,205829.0000
2025-05-04 00:00:00+00,1.130620,1.132800,1.129620,1.132130,7902.0000
2025-05-05 00:00:00+00,1.132140,1.136500,1.129720,1.131240,157119.0000
2025-05-06 00:00:00+00,1.131230,1.138130,1.127980,1.134020,183823.0000
2025-05-07 00:00:00+00,1.134020,1.137840,1.129190,1.130300,200375.0000
2025-05-08 00:00:00+00,1.130340,1.133640,1.121200,1.122710,206399.0000
2025-05-09 00:00:00+00,1.122700,1.129300,1.119670,1.124860,139446.0000
2025-05-11 00:00:00+00,1.120190,1.123660,1.119250,1.122800,9399.0000
2025-05-12 00:00:00+00,1.122800,1.124280,1.106540,1.109560,249571.0000
2025-05-13 00:00:00+00,1.109580,1.119750,1.109510,1.118590,168130.0000
2025-05-14 00:00:00+00,1.118600,1.126600,1.116460,1.118160,199131.0000
2025-05-15 00:00:00+00,1.118140,1.122830,1.117030,1.119220,158527.0000
2025-05-16 00:00:00+00,1.119210,1.121960,1.113110,1.116540,139683.0000
2025-05-18 00:00:00+00,1.117880,1.119410,1.117140,1.118890,8531.0000
2025-05-19 00:00:00+00,1.118900,1.128840,1.117240,1.123250,175243.0000
2025-05-20 00:00:00+00,1.123230,1.129020,1.121800,1.128830,154937.0000
2025-05-21 00:00:00+00,1.128840,1.136290,1.128700,1.133220,187048.0000
2025-05-22 00:00:00+00,1.133230,1.134500,1.125560,1.128220,193505.0000
2025-05-23 00:00:00+00,1.128230,1.137590,1.127900,1.136490,188631.0000
2025-05-25 00:00:00+00,1.136720,1.138200,1.136240,1.137500,11650.0000
2025-05-26 00:00:00+00,1.137480,1.141890,1.136890,1.138870,103829.0000
2025-05-27 00:00:00+00,1.138880,1.140750,1.132330,1.133680,159976.0000
2025-05-28 00:00:00+00,1.133710,1.134520,1.121050,1.122980,182361.0000
2025-05-29 00:00:00+00,1.122960,1.138480,1.122350,1.137680,203884.0000
2025-05-30 00:00:00+00,1.137700,1.139000,1.131260,1.134780,191727.0000
2025-06-01 00:00:00+00,1.134910,1.136040,1.134700,1.135300,7665.0000
2025-06-02 00:00:00+00,1.135320,1.145410,1.135260,1.145320,171000.0000
2025-06-03 00:00:00+00,1.145300,1.145480,1.136410,1.138420,153481.0000
2025-06-04 00:00:00+00,1.138430,1.143460,1.135720,1.142100,166014.0000
2025-06-05 00:00:00+00,1.142110,1.149510,1.140460,1.145360,194330.0000
2025-06-06 00:00:00+00,1.145370,1.145740,1.137160,1.139660,159644.0000
2025-06-08 00:00:00+00,1.139920,1.141150,1.139220,1.140680,4056.0000
2025-06-09 00:00:00+00,1.140680,1.143940,1.138650,1.142640,106137.0000
2025-06-10 00:00:00+00,1.142640,1.144780,1.137290,1.143760,148519.0000
2025-06-11 00:00:00+00,1.143770,1.151300,1.140540,1.151020,158457.0000
2025-06-12 00:00:00+00,1.151020,1.163190,1.150180,1.160880,199745.0000
2025-06-13 00:00:00+00,1.160840,1.161460,1.148890,1.155100,232393.0000
2025-06-15 00:00:00+00,1.153320,1.154800,1.152650,1.153790,16421.0000
2025-06-16 00:00:00+00,1.153780,1.161480,1.152370,1.155390,173445.0000
2025-06-17 00:00:00+00,1.155400,1.158090,1.147460,1.148200,184420.0000
2025-06-18 00:00:00+00,1.148200,1.153020,1.146080,1.147600,206364.0000
2025-06-19 00:00:00+00,1.147600,1.151280,1.144630,1.151180,148429.0000
2025-06-20 00:00:00+00,1.151200,1.154400,1.149520,1.152220,152414.0000
2025-06-22 00:00:00+00,1.145700,1.150760,1.145600,1.149960,15197.0000
2025-06-23 00:00:00+00,1.149970,1.160860,1.145360,1.159810,232667.0000
2025-06-24 00:00:00+00,1.159820,1.164170,1.158000,1.161250,200958.0000
2025-06-25 00:00:00+00,1.161240,1.168480,1.159010,1.168340,151430.0000
2025-06-26 00:00:00+00,1.168360,1.174530,1.166740,1.169330,198349.0000
2025-06-27 00:00:00+00,1.169340,1.175400,1.168360,1.171850,170144.0000
2025-06-29 00:00:00+00,1.173100,1.173880,1.172190,1.172680,6490.0000
2025-06-30 00:00:00+00,1.172690,1.179120,1.170800,1.178640,166930.0000
2025-07-01 00:00:00+00,1.178650,1.182990,1.176140,1.180530,172388.0000
2025-07-02 00:00:00+00,1.180500,1.181000,1.174680,1.179880,163127.0000
2025-07-03 00:00:00+00,1.179850,1.181010,1.171740,1.176920,148090.0000
2025-07-04 00:00:00+00,1.176910,1.178760,1.175600,1.177740,130168.0000
2025-07-06 00:00:00+00,1.178570,1.178580,1.177360,1.178020,3990.0000
2025-07-07 00:00:00+00,1.178040,1.179020,1.168650,1.173680,143663.0000
2025-07-08 00:00:00+00,1.173680,1.176540,1.168240,1.172340,156546.0000
2025-07-09 00:00:00+00,1.172340,1.174000,1.168970,1.173810,135599.0000
2025-07-10 00:00:00+00,1.173800,1.174970,1.166240,1.170180,119621.0000
2025-07-11 00:00:00+00,1.170200,1.171420,1.166480,1.169110,148126.0000
2025-07-13 00:00:00+00,1.167020,1.168480,1.166200,1.168270,9042.0000
2025-07-14 00:00:00+00,1.168260,1.169780,1.165430,1.166540,112829.0000
2025-07-15 00:00:00+00,1.166540,1.169280,1.159290,1.160740,129592.0000
2025-07-16 00:00:00+00,1.160740,1.172170,1.156240,1.163560,215316.0000
2025-07-17 00:00:00+00,1.163550,1.163640,1.155690,1.161510,120940.0000
2025-07-18 00:00:00+00,1.161520,1.167220,1.161200,1.162550,112330.0000
2025-07-20 00:00:00+00,1.162970,1.163540,1.162260,1.162980,6921.0000
2025-07-21 00:00:00+00,1.162970,1.171680,1.161470,1.169500,108369.0000
2025-07-22 00:00:00+00,1.169500,1.176080,1.167880,1.173800,108857.0000
2025-07-23 00:00:00+00,1.173800,1.177920,1.171100,1.177360,150631.0000
2025-07-24 00:00:00+00,1.177350,1.178880,1.173060,1.175480,138088.0000
2025-07-25 00:00:00+00,1.175480,1.176100,1.170300,1.174170,143241.0000
2025-07-27 00:00:00+00,1.175580,1.176910,1.175120,1.175560,6709.0000
2025-07-28 00:00:00+00,1.175560,1.177060,1.158530,1.159660,162970.0000
2025-07-29 00:00:00+00,1.159660,1.159940,1.151900,1.155080,165889.0000
2025-07-30 00:00:00+00,1.155090,1.157280,1.140100,1.142810,192004.0000
2025-07-31 00:00:00+00,1.142820,1.146080,1.140570,1.142210,156495.0000
2025-08-01 00:00:00+00,1.142210,1.159710,1.139160,1.158740,240039.0000
2025-08-03 00:00:00+00,1.159240,1.159700,1.157820,1.158780,8345.0000
2025-08-04 00:00:00+00,1.158780,1.158900,1.154960,1.158400,165597.0000
2025-08-05 00:00:00+00,1.158420,1.158800,1.152780,1.157860,136291.0000
2025-08-06 00:00:00+00,1.157850,1.166860,1.156430,1.166300,126218.0000
2025-08-07 00:00:00+00,1.166310,1.169880,1.161100,1.167690,151067.0000
2025-08-08 00:00:00+00,1.167700,1.167940,1.162900,1.164160,119356.0000
2025-08-10 00:00:00+00,1.164960,1.165120,1.164370,1.164760,3470.0000
2025-08-11 00:00:00+00,1.164740,1.167560,1.159020,1.161630,106624.0000
2025-08-12 00:00:00+00,1.161640,1.169740,1.159880,1.167760,187532.0000
2025-08-13 00:00:00+00,1.167760,1.173030,1.167060,1.171230,119514.0000
2025-08-14 00:00:00+00,1.171220,1.171530,1.163100,1.165060,143856.0000
2025-08-15 00:00:00+00,1.165080,1.171540,1.164690,1.170500,110176.0000
2025-08-17 00:00:00+00,1.171330,1.171620,1.170380,1.170640,3337.0000
2025-08-18 00:00:00+00,1.170640,1.171060,1.165600,1.166810,100970.0000
2025-08-19 00:00:00+00,1.166820,1.169290,1.163920,1.164150,100904.0000
2025-08-20 00:00:00+00,1.164160,1.167390,1.162220,1.165100,112669.0000
2025-08-21 00:00:00+00,1.165080,1.166290,1.160120,1.161260,121082.0000
2025-08-22 00:00:00+00,1.161250,1.174280,1.158300,1.172190,142409.0000
2025-08-24 00:00:00+00,1.172360,1.172840,1.170740,1.170830,3880.0000
2025-08-25 00:00:00+00,1.170830,1.172050,1.160280,1.161460,100496.0000
2025-08-26 00:00:00+00,1.161480,1.166540,1.160220,1.163710,146405.0000
2025-08-27 00:00:00+00,1.163730,1.164780,1.157400,1.164760,111218.0000
2025-08-28 00:00:00+00,1.164760,1.169750,1.162900,1.167860,113840.0000
2025-08-29 00:00:00+00,1.167880,1.170900,1.165080,1.168580,112687.0000
2025-08-31 00:00:00+00,1.169600,1.169760,1.168680,1.169020,3022.0000
2025-09-01 00:00:00+00,1.169020,1.173650,1.168810,1.171500,82539.0000
2025-09-02 00:00:00+00,1.171500,1.171590,1.161300,1.163300,167839.0000
2025-09-03 00:00:00+00,1.163280,1.168220,1.160820,1.166110,128297.0000
2025-09-04 00:00:00+00,1.166130,1.166960,1.163000,1.165680,116317.0000
2025-09-05 00:00:00+00,1.165690,1.175960,1.165240,1.171800,148403.0000
2025-09-07 00:00:00+00,1.171400,1.172260,1.170360,1.171220,6425.0000
2025-09-08 00:00:00+00,1.171240,1.177280,1.170490,1.176860,119614.0000
2025-09-09 00:00:00+00,1.176860,1.178010,1.169740,1.170240,142165.0000
2025-09-10 00:00:00+00,1.170230,1.173100,1.168250,1.170260,141922.0000
2025-09-11 00:00:00+00,1.170260,1.174610,1.166060,1.173320,154628.0000
2025-09-12 00:00:00+00,1.173320,1.174780,1.170100,1.173520,116036.0000
2025-09-14 00:00:00+00,1.173310,1.173560,1.172500,1.172560,3003.0000
2025-09-15 00:00:00+00,1.172560,1.177460,1.171620,1.176310,102657.0000
2025-09-16 00:00:00+00,1.176300,1.187840,1.175740,1.187100,154963.0000
2025-09-17 00:00:00+00,1.187110,1.191880,1.180780,1.182530,188498.0000
2025-09-18 00:00:00+00,1.182540,1.184840,1.175010,1.178900,181273.0000
2025-09-19 00:00:00+00,1.178900,1.179280,1.172880,1.174720,152078.0000
2025-09-21 00:00:00+00,1.173850,1.174920,1.173570,1.173660,4113.0000
2025-09-22 00:00:00+00,1.173640,1.180430,1.172620,1.180070,115968.0000
2025-09-23 00:00:00+00,1.180060,1.182000,1.177900,1.181540,139949.0000
2025-09-24 00:00:00+00,1.181540,1.181660,1.172820,1.174220,143589.0000
2025-09-25 00:00:00+00,1.174210,1.175400,1.164560,1.166180,172029.0000
2025-09-26 00:00:00+00,1.166170,1.170740,1.165820,1.170020,139132.0000
2025-09-28 00:00:00+00,1.170300,1.170990,1.170200,1.170500,5550.0000
2025-09-29 00:00:00+00,1.170490,1.175460,1.170460,1.173080,129791.0000
2025-09-30 00:00:00+00,1.173080,1.176180,1.171220,1.173450,149077.0000
2025-10-01 00:00:00+00,1.173440,1.177870,1.171550,1.173300,199769.0000
2025-10-02 00:00:00+00,1.173280,1.175840,1.168320,1.172470,133661.0000
2025-10-03 00:00:00+00,1.172460,1.175940,1.171490,1.174290,123641.0000
2025-10-05 00:00:00+00,1.172660,1.172840,1.170640,1.171200,14630.0000
2025-10-06 00:00:00+00,1.171200,1.173090,1.165180,1.170940,171299.0000
2025-10-07 00:00:00+00,1.170940,1.171120,1.164770,1.165280,137478.0000
2025-10-08 00:00:00+00,1.165300,1.165310,1.159840,1.162920,159820.0000
2025-10-09 00:00:00+00,1.162920,1.164830,1.154200,1.156560,181676.0000
2025-10-10 00:00:00+00,1.156540,1.163080,1.155920,1.162240,171557.0000
2025-10-12 00:00:00+00,1.161140,1.161660,1.159220,1.160160,11208.0000
2025-10-13 00:00:00+00,1.160140,1.162990,1.155750,1.156560,142664.0000
2025-10-14 00:00:00+00,1.156560,1.161520,1.154240,1.160340,197159.0000
2025-10-15 00:00:00+00,1.160330,1.165200,1.160190,1.164600,165205.0000
2025-10-16 00:00:00+00,1.164580,1.169980,1.164300,1.169920,180479.0000
2025-10-17 00:00:00+00,1.169920,1.172850,1.165020,1.165110,183569.0000
2025-10-19 00:00:00+00,1.166700,1.166720,1.165190,1.165820,5124.0000
2025-10-20 00:00:00+00,1.165790,1.167560,1.163820,1.164420,134669.0000
2025-10-21 00:00:00+00,1.164400,1.165530,1.159770,1.159960,168407.0000
2025-10-22 00:00:00+00,1.159960,1.162260,1.157700,1.160720,145377.0000
2025-10-23 00:00:00+00,1.160700,1.162160,1.158540,1.161720,111071.0000
2025-10-24 00:00:00+00,1.161710,1.165030,1.160090,1.162540,137390.0000
2025-10-26 00:00:00+00,1.163580,1.163710,1.162580,1.163120,7214.0000
2025-10-27 00:00:00+00,1.163100,1.165480,1.161780,1.165120,111803.0000
2025-10-28 00:00:00+00,1.165120,1.166880,1.162560,1.165730,125558.0000
2025-10-29 00:00:00+00,1.165720,1.166590,1.157760,1.160300,177998.0000
2025-10-30 00:00:00+00,1.160300,1.163740,1.154700,1.157180,157624.0000
2025-10-31 00:00:00+00,1.157180,1.157760,1.152160,1.153630,118562.0000
2025-11-02 00:00:00+00,1.153170,1.153880,1.152530,1.152730,7578.0000
2025-11-03 00:00:00+00,1.152720,1.154140,1.150520,1.151840,117213.0000
2025-11-04 00:00:00+00,1.151840,1.153370,1.147320,1.148520,117932.0000
2025-11-05 00:00:00+00,1.148510,1.149810,1.146860,1.149580,115774.0000
2025-11-06 00:00:00+00,1.149580,1.155230,1.149320,1.154860,121946.0000
2025-11-07 00:00:00+00,1.154880,1.159110,1.152960,1.156640,104491.0000
2025-11-09 00:00:00+00,1.155780,1.155960,1.154160,1.154320,4904.0000
2025-11-10 00:00:00+00,1.154350,1.158310,1.154120,1.155690,108380.0000
2025-11-11 00:00:00+00,1.155680,1.160590,1.154720,1.158680,104921.0000
2025-11-12 00:00:00+00,1.158680,1.159770,1.156300,1.159160,101971.0000
2025-11-13 00:00:00+00,1.159180,1.165620,1.157900,1.163020,124212.0000
2025-11-14 00:00:00+00,1.163030,1.165380,1.160600,1.162200,139863.0000
2025-11-16 00:00:00+00,1.161990,1.162460,1.161160,1.161480,3131.0000
2025-11-17 00:00:00+00,1.161460,1.161500,1.158200,1.159010,99113.0000
2025-11-18 00:00:00+00,1.159000,1.160780,1.157150,1.158020,119342.0000
2025-11-19 00:00:00+00,1.158020,1.159750,1.151780,1.153940,126165.0000
2025-11-20 00:00:00+00,1.153940,1.155000,1.150240,1.153380,150423.0000
2025-11-21 00:00:00+00,1.153380,1.155250,1.149120,1.151300,145667.0000
2025-11-23 00:00:00+00,1.151930,1.151930,1.150620,1.150740,2789.0000
2025-11-24 00:00:00+00,1.150740,1.155060,1.150190,1.152030,102095.0000
2025-11-25 00:00:00+00,1.152040,1.158610,1.151160,1.156480,137734.0000
2025-11-26 00:00:00+00,1.156500,1.160220,1.154710,1.160190,149984.0000
2025-11-27 00:00:00+00,1.160200,1.161360,1.157660,1.159960,78223.0000
2025-11-28 00:00:00+00,1.159960,1.160760,1.155530,1.159850,197314.0000
2025-11-30 00:00:00+00,1.159380,1.160780,1.159270,1.160120,4608.0000
2025-12-01 00:00:00+00,1.160120,1.165260,1.158940,1.160680,135946.0000
2025-12-02 00:00:00+00,1.160690,1.162910,1.159120,1.162820,105627.0000
2025-12-03 00:00:00+00,1.162840,1.167780,1.162800,1.166640,117493.0000
2025-12-04 00:00:00+00,1.166640,1.168200,1.164100,1.164340,118528.0000
2025-12-05 00:00:00+00,1.164340,1.167180,1.162800,1.164380,108647.0000
2025-12-07 00:00:00+00,1.164010,1.164710,1.163950,1.164060,3408.0000
2025-12-08 00:00:00+00,1.164080,1.167220,1.161650,1.164100,121011.0000
2025-12-09 00:00:00+00,1.164080,1.165730,1.161510,1.162790,109017.0000
2025-12-10 00:00:00+00,1.162800,1.170280,1.162160,1.170160,143204.0000
2025-12-11 00:00:00+00,1.170160,1.176280,1.168230,1.174090,117251.0000
2025-12-12 00:00:00+00,1.174100,1.174980,1.171960,1.174030,98909.0000
2025-12-14 00:00:00+00,1.173300,1.174090,1.173300,1.173720,2396.0000
2025-12-15 00:00:00+00,1.173720,1.176900,1.172650,1.175360,99493.0000
2025-12-16 00:00:00+00,1.175380,1.180420,1.173460,1.174940,126240.0000
2025-12-17 00:00:00+00,1.174940,1.175820,1.170310,1.174180,115393.0000
2025-12-18 00:00:00+00,1.174180,1.176280,1.171240,1.172480,126476.0000
2025-12-19 00:00:00+00,1.172480,1.173780,1.170240,1.170960,100151.0000
2025-12-21 00:00:00+00,1.171960,1.171960,1.170640,1.171030,5457.0000
2025-12-22 00:00:00+00,1.171010,1.176940,1.170950,1.176380,89105.0000
2025-12-23 00:00:00+00,1.176370,1.180220,1.176300,1.179500,97720.0000
2025-12-24 00:00:00+00,1.179500,1.180800,1.177260,1.177700,86826.0000
2025-12-25 00:00:00+00,1.178050,1.178620,1.177800,1.178450,10401.0000
2025-12-26 00:00:00+00,1.178440,1.179680,1.176160,1.177100,109833.0000
2025-12-28 00:00:00+00,1.176800,1.177820,1.176540,1.177260,3266.0000
2025-12-29 00:00:00+00,1.177280,1.178910,1.174940,1.177250,112471.0000
2025-12-30 00:00:00+00,1.177240,1.177980,1.174340,1.174560,84086.0000
2025-12-31 00:00:00+00,1.174570,1.175950,1.172000,1.174590,96981.0000
2026-01-01 00:00:00+00,1.174980,1.175100,1.174580,1.175100,1683.0000
2026-01-02 00:00:00+00,1.175100,1.176500,1.171320,1.171960,91675.0000
2026-01-04 00:00:00+00,1.172390,1.172390,1.170040,1.170520,4329.0000
2026-01-05 00:00:00+00,1.170530,1.172880,1.165920,1.171460,122304.0000
2026-01-06 00:00:00+00,1.171460,1.174290,1.168400,1.168720,108844.0000
2026-01-07 00:00:00+00,1.168740,1.170270,1.167290,1.167690,107210.0000
2026-01-08 00:00:00+00,1.167700,1.168300,1.164260,1.165810,93155.0000
2026-01-09 00:00:00+00,1.165800,1.166080,1.161820,1.163640,111413.0000
2026-01-11 00:00:00+00,1.163300,1.163540,1.162310,1.162380,1590.0000
2026-01-12 00:00:00+00,1.162370,1.169850,1.162170,1.166760,107915.0000
2026-01-13 00:00:00+00,1.166740,1.167800,1.163420,1.164200,104611.0000
2026-01-14 00:00:00+00,1.164200,1.166180,1.163530,1.164500,98359.0000
2026-01-15 00:00:00+00,1.164510,1.164560,1.159320,1.160920,102745.0000
2026-01-16 00:00:00+00,1.160920,1.162750,1.158450,1.159880,99306.0000
2026-01-18 00:00:00+00,1.158020,1.162700,1.157820,1.162440,8989.0000
2026-01-19 00:00:00+00,1.162440,1.164890,1.160460,1.163940,88938.0000
2026-01-20 00:00:00+00,1.163940,1.176930,1.163260,1.172725,6438149132.0000
2026-01-21 00:00:00+00,1.172685,1.174300,1.167010,1.167305,78497000000.0000
2026-01-22 00:00:00+00,1.167290,1.175920,1.167290,1.175385,63185000000.0000
2026-01-23 00:00:00+00,1.175370,1.183375,1.172830,1.182770,71889000000.0000
2026-01-25 00:00:00+00,1.186350,1.189770,1.185100,1.186040,5707000000.0000
2026-01-26 00:00:00+00,1.186030,1.190705,1.183500,1.187380,90287000000.0000
2026-01-27 00:00:00+00,1.187340,1.208290,1.185040,1.202310,95268000000.0000
2026-01-28 00:00:00+00,1.202315,1.202585,1.189590,1.198100,100463000000.0000
2026-01-29 00:00:00+00,1.198025,1.199650,1.190625,1.196745,100323000000.0000
2026-01-30 00:00:00+00,1.196735,1.197330,1.184995,1.185055,120854000000.0000
2026-02-01 00:00:00+00,1.185105,1.185685,1.183975,1.184635,5183000000.0000
2026-02-02 00:00:00+00,1.184650,1.187485,1.177605,1.179895,111562000000.0000
2026-02-03 00:00:00+00,1.179900,1.182900,1.178005,1.181570,84145000000.0000
2026-02-04 00:00:00+00,1.181545,1.183805,1.179055,1.180165,83458000000.0000
2026-02-05 00:00:00+00,1.180170,1.182180,1.177505,1.177650,89394000000.0000
2026-02-06 00:00:00+00,1.177660,1.182625,1.176570,1.181680,64999000000.0000
2026-02-08 00:00:00+00,1.181260,1.182780,1.181005,1.182675,3336000000.0000
2026-02-09 00:00:00+00,1.182680,1.192685,1.181615,1.190375,78924000000.0000
2026-02-10 00:00:00+00,1.190375,1.192870,1.188675,1.188785,70569000000.0000
2026-02-11 00:00:00+00,1.188780,1.192725,1.183335,1.187485,79990000000.0000
2026-02-12 00:00:00+00,1.187480,1.189005,1.185250,1.186915,81497000000.0000
2026-02-13 00:00:00+00,1.186900,1.188460,1.184720,1.186785,70133000000.0000
2026-02-15 00:00:00+00,1.187090,1.187285,1.186315,1.186700,1771000000.0000
2026-02-16 00:00:00+00,1.186700,1.187055,1.184635,1.185060,40332000000.0000
2026-02-17 00:00:00+00,1.185080,1.185775,1.180510,1.185085,69550000000.0000
2026-02-18 00:00:00+00,1.185110,1.185375,1.178220,1.178860,58858000000.0000
2026-02-19 00:00:00+00,1.178875,1.180770,1.174205,1.176840,68035000000.0000
2026-02-20 00:00:00+00,1.176840,1.180755,1.174340,1.178180,80105000000.0000
2026-02-22 00:00:00+00,1.179630,1.183475,1.179310,1.183340,3506000000.0000
2026-02-23 00:00:00+00,1.183335,1.183460,1.177445,1.179305,71104000000.0000
2026-02-24 00:00:00+00,1.179295,1.179640,1.176620,1.177395,62327000000.0000
2026-02-25 00:00:00+00,1.177430,1.181640,1.177100,1.181515,64914000000.0000
2026-02-26 00:00:00+00,1.181515,1.182890,1.177405,1.180320,63644000000.0000
2026-02-27 00:00:00+00,1.180320,1.182695,1.178910,1.181720,64784000000.0000
2026-03-01 00:00:00+00,1.176850,1.178770,1.175695,1.175925,6020000000.0000
2026-03-02 00:00:00+00,1.175890,1.179585,1.167190,1.169475,96741000000.0000
2026-03-03 00:00:00+00,1.169495,1.170700,1.153030,1.161085,119912000000.0000
2026-03-04 00:00:00+00,1.161090,1.165485,1.157475,1.163485,99765000000.0000
2026-03-05 00:00:00+00,1.163480,1.164745,1.155900,1.160660,110977000000.0000
2026-03-06 00:00:00+00,1.160665,1.162140,1.154610,1.161685,103352000000.0000
2026-03-08 00:00:00+00,1.154905,1.155740,1.152130,1.152435,10586000000.0000
2026-03-09 00:00:00+00,1.152400,1.164580,1.150715,1.161665,136135000000.0000
2026-03-10 00:00:00+00,1.161660,1.166720,1.160300,1.161155,110127000000.0000
2026-03-11 00:00:00+00,1.161205,1.164555,1.153995,1.154285,100182000000.0000
2026-03-12 00:00:00+00,1.154270,1.156630,1.151020,1.152115,88304000000.0000
2026-03-13 00:00:00+00,1.152115,1.152975,1.141105,1.141645,88748051420.0000
2026-03-15 00:00:00+00,1.142400,1.143370,1.141910,1.143000,3708000000.0000
2026-03-16 00:00:00+00,1.145010,1.152490,1.141435,1.149835,80092000000.0000
2026-03-17 00:00:00+00,1.149850,1.154725,1.146600,1.153910,73663000000.0000
2026-03-18 00:00:00+00,1.153930,1.155535,1.145000,1.146345,83716000000.0000
2026-03-19 00:00:00+00,1.146305,1.161615,1.144300,1.157660,117036000000.0000
2026-03-20 00:00:00+00,1.157665,1.158085,1.152465,1.157110,91757000000.0000
2026-03-22 00:00:00+00,1.153775,1.156485,1.153725,1.156210,5419000000.0000
2026-03-23 00:00:00+00,1.156225,1.163990,1.148455,1.160815,141381000000.0000
2026-03-24 00:00:00+00,1.160810,1.162840,1.155720,1.161380,125297000000.0000
2026-03-25 00:00:00+00,1.161385,1.163040,1.155535,1.156145,93894000000.0000
2026-03-26 00:00:00+00,1.156140,1.157240,1.151960,1.153445,83232000000.0000
2026-03-27 00:00:00+00,1.153360,1.154795,1.150180,1.151145,78744000000.0000
2026-03-29 00:00:00+00,1.150290,1.150320,1.148765,1.149185,5742000000.0000
2026-03-30 00:00:00+00,1.149240,1.152125,1.144325,1.145655,78099000000.0000
2026-03-31 00:00:00+00,1.145670,1.157460,1.144740,1.157395,101514000000.0000
2026-04-01 00:00:00+00,1.157345,1.162700,1.155505,1.158975,91409000000.0000
2026-04-02 00:00:00+00,1.158955,1.160575,1.150920,1.154160,94367000000.0000
2026-04-03 00:00:00+00,1.154200,1.154915,1.151335,1.152220,28626000000.0000
2026-04-05 00:00:00+00,1.152380,1.152400,1.150545,1.150980,6182000000.0000
2026-04-06 00:00:00+00,1.150980,1.157160,1.150635,1.154090,72178000000.0000
2026-04-07 00:00:00+00,1.154085,1.169020,1.152425,1.168630,102765000000.0000
2026-04-08 00:00:00+00,1.168655,1.172175,1.164350,1.165925,116150000000.0000
2026-04-09 00:00:00+00,1.165930,1.172345,1.165040,1.169170,76080000000.0000
2026-04-10 00:00:00+00,1.169170,1.173930,1.167740,1.172495,64973000000.0000
2026-04-12 00:00:00+00,1.166660,1.168175,1.166410,1.167495,7983000000.0000
2026-04-13 00:00:00+00,1.167520,1.176690,1.167115,1.176690,70853000000.0000
2026-04-14 00:00:00+00,1.176715,1.181115,1.175630,1.179845,67231000000.0000
2026-04-15 00:00:00+00,1.179830,1.180805,1.177205,1.180675,70394000000.0000
2026-04-16 00:00:00+00,1.180690,1.182390,1.176690,1.178110,64839000000.0000
2026-04-17 00:00:00+00,1.178060,1.184920,1.176070,1.176385,73279000000.0000
2026-04-19 00:00:00+00,1.174085,1.174565,1.172920,1.173895,6197000000.0000
2026-04-20 00:00:00+00,1.173910,1.179110,1.173715,1.178425,71338000000.0000
2026-04-21 00:00:00+00,1.178475,1.178615,1.171920,1.174400,80344000000.0000
2026-04-22 00:00:00+00,1.174390,1.176260,1.170315,1.170570,63254000000.0000
2026-04-23 00:00:00+00,1.170575,1.171655,1.166925,1.168355,84300000000.0000
2026-04-24 00:00:00+00,1.168360,1.172340,1.167295,1.171855,66543000000.0000
2026-04-26 00:00:00+00,1.169990,1.171260,1.169940,1.170555,2505000000.0000
2026-04-27 00:00:00+00,1.170580,1.175485,1.170580,1.172310,56489000000.0000
2026-04-28 00:00:00+00,1.172315,1.172700,1.167750,1.171770,68769000000.0000
2026-04-29 00:00:00+00,1.171770,1.172070,1.166125,1.168460,74765000000.0000
2026-04-30 00:00:00+00,1.168475,1.174175,1.165525,1.172880,98899000000.0000
2026-05-01 00:00:00+00,1.172910,1.178520,1.171560,1.172125,68406000000.0000
2026-05-03 00:00:00+00,1.174775,1.175015,1.172520,1.172600,3738000000.0000
2026-05-04 00:00:00+00,1.172560,1.173880,1.168110,1.169170,81986000000.0000
2026-05-05 00:00:00+00,1.169175,1.172550,1.167655,1.171475,65737000000.0000
2026-05-06 00:00:00+00,1.171510,1.179670,1.171125,1.174800,87557000000.0000
2026-05-07 00:00:00+00,1.174760,1.177835,1.172260,1.173070,84819000000.0000
2026-05-08 00:00:00+00,1.173135,1.178800,1.172460,1.178515,64738000000.0000
