timestamp,open,high,low,close,volume
2020-01-15 00:00:00+00,1.302140,1.305880,1.298480,1.303980,27613.0000
2020-01-16 00:00:00+00,1.304000,1.308320,1.302540,1.307670,28065.0000
2020-01-17 00:00:00+00,1.307640,1.311900,1.300660,1.300890,30862.0000
2020-01-19 00:00:00+00,1.299380,1.300790,1.299380,1.300590,408.0000
2020-01-20 00:00:00+00,1.300610,1.301360,1.296210,1.300410,16381.0000
2020-01-21 00:00:00+00,1.300380,1.308340,1.299540,1.304570,26844.0000
2020-01-22 00:00:00+00,1.304600,1.315300,1.303480,1.314420,32581.0000
2020-01-23 00:00:00+00,1.314400,1.315140,1.309680,1.311900,26059.0000
2020-01-24 00:00:00+00,1.311920,1.317520,1.305700,1.307200,33407.0000
2020-01-26 00:00:00+00,1.308060,1.308060,1.306090,1.306140,749.0000
2020-01-27 00:00:00+00,1.306160,1.310530,1.304000,1.305940,23118.0000
2020-01-28 00:00:00+00,1.305960,1.306510,1.297520,1.302350,21390.0000
2020-01-29 00:00:00+00,1.302330,1.302780,1.298960,1.302150,17752.0000
2020-01-30 00:00:00+00,1.302130,1.311020,1.297780,1.308520,34050.0000
2020-01-31 00:00:00+00,1.308540,1.320980,1.308440,1.320530,26819.0000
2020-02-02 00:00:00+00,1.317660,1.318430,1.317460,1.318130,508.0000
2020-02-03 00:00:00+00,1.318100,1.318260,1.298300,1.299700,32893.0000
2020-02-04 00:00:00+00,1.299720,1.304680,1.294130,1.303070,31751.0000
2020-02-05 00:00:00+00,1.303090,1.307000,1.295660,1.299530,32775.0000
2020-02-06 00:00:00+00,1.299560,1.299880,1.292100,1.293040,26011.0000
2020-02-07 00:00:00+00,1.293020,1.295930,1.288200,1.288610,29276.0000
2020-02-09 00:00:00+00,1.289210,1.289430,1.288580,1.288990,530.0000
2020-02-10 00:00:00+00,1.288970,1.294620,1.287210,1.291600,25923.0000
2020-02-11 00:00:00+00,1.291620,1.296820,1.289460,1.295640,28121.0000
2020-02-12 00:00:00+00,1.295620,1.299160,1.295180,1.295800,23989.0000
2020-02-13 00:00:00+00,1.295770,1.306960,1.294410,1.304560,32965.0000
2020-02-14 00:00:00+00,1.304530,1.306340,1.300120,1.304660,24062.0000
2020-02-16 00:00:00+00,1.303990,1.305420,1.303680,1.305180,386.0000
2020-02-17 00:00:00+00,1.305160,1.305160,1.299840,1.300580,16332.0000
2020-02-18 00:00:00+00,1.300560,1.304880,1.297100,1.299920,29364.0000
2020-02-19 00:00:00+00,1.299940,1.302350,1.290760,1.292580,28515.0000
2020-02-20 00:00:00+00,1.292550,1.292870,1.284920,1.288090,33394.0000
2020-02-21 00:00:00+00,1.288070,1.298100,1.287910,1.296070,31760.0000
2020-02-23 00:00:00+00,1.294620,1.295620,1.294550,1.295180,650.0000
2020-02-24 00:00:00+00,1.295200,1.295460,1.288680,1.292420,33660.0000
2020-02-25 00:00:00+00,1.292440,1.301780,1.291420,1.300280,36038.0000
2020-02-26 00:00:00+00,1.300260,1.300820,1.289600,1.290620,38639.0000
2020-02-27 00:00:00+00,1.290640,1.294640,1.286020,1.288780,49583.0000
2020-02-28 00:00:00+00,1.288800,1.291980,1.272600,1.281920,61916.0000
2020-03-01 00:00:00+00,1.277930,1.282600,1.277880,1.280450,1838.0000
2020-03-02 00:00:00+00,1.280480,1.285080,1.273990,1.276680,66758.0000
2020-03-03 00:00:00+00,1.276660,1.284410,1.275860,1.282000,72517.0000
2020-03-04 00:00:00+00,1.282020,1.287290,1.277020,1.287130,50203.0000
2020-03-05 00:00:00+00,1.287160,1.296860,1.286100,1.294950,39867.0000
2020-03-06 00:00:00+00,1.294970,1.305250,1.294900,1.304790,72742.0000
2020-03-08 00:00:00+00,1.307810,1.310610,1.307600,1.309660,4454.0000
2020-03-09 00:00:00+00,1.309640,1.320080,1.303500,1.307300,130705.0000
2020-03-10 00:00:00+00,1.307330,1.308890,1.286710,1.290540,103503.0000
2020-03-11 00:00:00+00,1.290510,1.297650,1.280440,1.281780,79902.0000
2020-03-12 00:00:00+00,1.281760,1.284930,1.249110,1.257320,121995.0000
2020-03-13 00:00:00+00,1.257280,1.262480,1.226180,1.227720,118471.0000
2020-03-15 00:00:00+00,1.226680,1.242460,1.226230,1.239870,12756.0000
2020-03-16 00:00:00+00,1.239820,1.239950,1.220220,1.226700,138360.0000
2020-03-17 00:00:00+00,1.226660,1.226870,1.200170,1.211650,131222.0000
2020-03-18 00:00:00+00,1.211680,1.213000,1.145020,1.160980,132028.0000
2020-03-19 00:00:00+00,1.161030,1.179400,1.141160,1.149160,151877.0000
2020-03-20 00:00:00+00,1.149200,1.193480,1.147820,1.164970,131156.0000
2020-03-22 00:00:00+00,1.167460,1.169410,1.153280,1.162030,6934.0000
2020-03-23 00:00:00+00,1.161970,1.171460,1.144720,1.159560,123663.0000
2020-03-24 00:00:00+00,1.159530,1.180000,1.158030,1.178920,121775.0000
2020-03-25 00:00:00+00,1.178940,1.197380,1.163920,1.184750,137201.0000
2020-03-26 00:00:00+00,1.184700,1.222920,1.181970,1.219280,119562.0000
2020-03-27 00:00:00+00,1.219320,1.248560,1.214470,1.245710,126238.0000
2020-03-29 00:00:00+00,1.242920,1.245560,1.239380,1.245140,2969.0000
2020-03-30 00:00:00+00,1.245170,1.246720,1.231750,1.236900,94745.0000
2020-03-31 00:00:00+00,1.236930,1.247340,1.224360,1.240620,118387.0000
2020-04-01 00:00:00+00,1.240660,1.243900,1.233080,1.238060,74391.0000
2020-04-02 00:00:00+00,1.238080,1.247550,1.234800,1.239170,78506.0000
2020-04-03 00:00:00+00,1.239140,1.239540,1.220520,1.227030,66582.0000
2020-04-05 00:00:00+00,1.223250,1.226440,1.221150,1.221770,2860.0000
2020-04-06 00:00:00+00,1.221800,1.232720,1.216560,1.223150,63312.0000
2020-04-07 00:00:00+00,1.223180,1.238440,1.221890,1.233720,69084.0000
2020-04-08 00:00:00+00,1.233700,1.242000,1.228820,1.239090,47744.0000
2020-04-09 00:00:00+00,1.239060,1.248420,1.236120,1.245480,56462.0000
2020-04-10 00:00:00+00,1.245420,1.248700,1.244580,1.245440,4143.0000
2020-04-12 00:00:00+00,1.245400,1.247320,1.245400,1.245940,994.0000
2020-04-13 00:00:00+00,1.245920,1.253680,1.245370,1.252080,28538.0000
2020-04-14 00:00:00+00,1.252110,1.264790,1.250960,1.262500,45424.0000
2020-04-15 00:00:00+00,1.262470,1.262470,1.243700,1.251880,45986.0000
2020-04-16 00:00:00+00,1.251860,1.252510,1.240860,1.248820,52219.0000
2020-04-17 00:00:00+00,1.248800,1.252280,1.240740,1.250160,45690.0000
2020-04-19 00:00:00+00,1.250100,1.250460,1.248540,1.248540,589.0000
2020-04-20 00:00:00+00,1.248560,1.249220,1.241660,1.244030,39275.0000
2020-04-21 00:00:00+00,1.244060,1.244190,1.224760,1.230140,52222.0000
2020-04-22 00:00:00+00,1.230120,1.238580,1.227500,1.232240,40391.0000
2020-04-23 00:00:00+00,1.232220,1.241500,1.230840,1.235200,50623.0000
2020-04-24 00:00:00+00,1.235220,1.237740,1.229840,1.236520,38863.0000
2020-04-26 00:00:00+00,1.236480,1.236920,1.236370,1.236720,542.0000
2020-04-27 00:00:00+00,1.236740,1.245500,1.235980,1.242160,36551.0000
2020-04-28 00:00:00+00,1.242140,1.251850,1.240400,1.243440,36368.0000
2020-04-29 00:00:00+00,1.243470,1.248560,1.238920,1.247020,36610.0000
2020-04-30 00:00:00+00,1.246990,1.264380,1.242920,1.258120,56686.0000
2020-05-01 00:00:00+00,1.258100,1.258190,1.248320,1.249460,36844.0000
2020-05-03 00:00:00+00,1.249030,1.249030,1.244960,1.245560,1664.0000
2020-05-04 00:00:00+00,1.245590,1.247610,1.240560,1.244460,36472.0000
2020-05-05 00:00:00+00,1.244480,1.248380,1.242040,1.244400,41250.0000
2020-05-06 00:00:00+00,1.244430,1.245040,1.232220,1.232420,38028.0000
2020-05-07 00:00:00+00,1.232460,1.241820,1.226620,1.237360,45915.0000
2020-05-08 00:00:00+00,1.237400,1.246700,1.235630,1.240490,28623.0000
2020-05-10 00:00:00+00,1.241300,1.241770,1.239780,1.241660,1057.0000
2020-05-11 00:00:00+00,1.241690,1.243770,1.228300,1.233160,41466.0000
2020-05-12 00:00:00+00,1.233140,1.237760,1.225120,1.225180,45220.0000
2020-05-13 00:00:00+00,1.225200,1.233980,1.221000,1.223880,51681.0000
2020-05-14 00:00:00+00,1.223860,1.224120,1.216600,1.223340,45675.0000
2020-05-15 00:00:00+00,1.223370,1.223900,1.210150,1.210450,46112.0000
2020-05-17 00:00:00+00,1.208740,1.209860,1.207560,1.208510,2011.0000
2020-05-18 00:00:00+00,1.208540,1.222750,1.208440,1.220000,42915.0000
2020-05-19 00:00:00+00,1.219980,1.229660,1.218410,1.225590,43355.0000
2020-05-20 00:00:00+00,1.225620,1.228760,1.222160,1.223640,38329.0000
2020-05-21 00:00:00+00,1.223660,1.224980,1.218600,1.222240,38262.0000
2020-05-22 00:00:00+00,1.222260,1.223380,1.216150,1.216480,32854.0000
2020-05-24 00:00:00+00,1.217900,1.218840,1.216680,1.218620,1087.0000
2020-05-25 00:00:00+00,1.218600,1.220380,1.216410,1.220200,20495.0000
2020-05-26 00:00:00+00,1.220180,1.236300,1.219740,1.233180,39488.0000
2020-05-27 00:00:00+00,1.233200,1.235400,1.220420,1.226350,57690.0000
2020-05-28 00:00:00+00,1.226330,1.234460,1.223390,1.231870,47461.0000
2020-05-29 00:00:00+00,1.231900,1.239430,1.229060,1.235040,69567.0000
2020-05-31 00:00:00+00,1.234160,1.235430,1.232800,1.234540,1858.0000
2020-06-01 00:00:00+00,1.234560,1.250660,1.234370,1.248660,48504.0000
2020-06-02 00:00:00+00,1.248620,1.258360,1.247860,1.258100,56127.0000
2020-06-03 00:00:00+00,1.258080,1.261530,1.255390,1.257400,57057.0000
2020-06-04 00:00:00+00,1.257420,1.263340,1.250070,1.260600,62419.0000
2020-06-05 00:00:00+00,1.260560,1.273140,1.258320,1.266860,63941.0000
2020-06-07 00:00:00+00,1.268440,1.272960,1.267470,1.271920,1836.0000
2020-06-08 00:00:00+00,1.271900,1.274060,1.262810,1.273470,43420.0000
2020-06-09 00:00:00+00,1.273450,1.275600,1.261840,1.270940,52672.0000
2020-06-10 00:00:00+00,1.270960,1.281320,1.270660,1.271190,74903.0000
2020-06-11 00:00:00+00,1.271220,1.275070,1.257060,1.257330,85787.0000
2020-06-12 00:00:00+00,1.257360,1.265330,1.247400,1.254020,80156.0000
2020-06-14 00:00:00+00,1.251880,1.252210,1.248620,1.250850,2972.0000
2020-06-15 00:00:00+00,1.250880,1.263850,1.245430,1.263800,76185.0000
2020-06-16 00:00:00+00,1.263820,1.268770,1.255270,1.258240,75522.0000
2020-06-17 00:00:00+00,1.258260,1.258860,1.251140,1.255010,59032.0000
2020-06-18 00:00:00+00,1.255030,1.256310,1.240200,1.242480,61852.0000
2020-06-19 00:00:00+00,1.242500,1.245590,1.234420,1.234840,49075.0000
2020-06-21 00:00:00+00,1.234190,1.236040,1.233820,1.234560,1832.0000
2020-06-22 00:00:00+00,1.234590,1.250720,1.233560,1.250050,43548.0000
2020-06-23 00:00:00+00,1.250070,1.253200,1.243220,1.252450,57697.0000
2020-06-24 00:00:00+00,1.252480,1.254280,1.241100,1.241230,58910.0000
2020-06-25 00:00:00+00,1.241260,1.246460,1.238920,1.242460,47801.0000
2020-06-26 00:00:00+00,1.242480,1.243700,1.231470,1.233600,35538.0000
2020-06-28 00:00:00+00,1.234060,1.234640,1.232540,1.234080,913.0000
2020-06-29 00:00:00+00,1.234100,1.238980,1.225190,1.231110,35869.0000
2020-06-30 00:00:00+00,1.231140,1.240200,1.225780,1.238800,41223.0000
2020-07-01 00:00:00+00,1.238780,1.249050,1.235950,1.246460,37918.0000
2020-07-02 00:00:00+00,1.246430,1.252990,1.245640,1.246590,37138.0000
2020-07-03 00:00:00+00,1.246620,1.249210,1.243830,1.248130,26581.0000
2020-07-05 00:00:00+00,1.247510,1.247890,1.246500,1.247460,644.0000
2020-07-06 00:00:00+00,1.247440,1.252020,1.247380,1.249500,32721.0000
2020-07-07 00:00:00+00,1.249480,1.259220,1.246280,1.254160,38642.0000
2020-07-08 00:00:00+00,1.254140,1.262340,1.250860,1.261280,41940.0000
2020-07-09 00:00:00+00,1.261300,1.266960,1.259830,1.260580,46328.0000
2020-07-10 00:00:00+00,1.260600,1.266410,1.256680,1.262220,36014.0000
2020-07-12 00:00:00+00,1.261780,1.264270,1.261780,1.262640,1194.0000
2020-07-13 00:00:00+00,1.262620,1.266640,1.255050,1.255180,36733.0000
2020-07-14 00:00:00+00,1.255160,1.257480,1.248020,1.256910,46354.0000
2020-07-15 00:00:00+00,1.256930,1.264960,1.256380,1.259060,40627.0000
2020-07-16 00:00:00+00,1.259040,1.262480,1.252000,1.255870,39663.0000
2020-07-17 00:00:00+00,1.255900,1.257440,1.251210,1.256740,27373.0000
2020-07-19 00:00:00+00,1.255780,1.257250,1.255250,1.257060,1131.0000
2020-07-20 00:00:00+00,1.257040,1.266560,1.251850,1.266100,34684.0000
2020-07-21 00:00:00+00,1.266130,1.276800,1.265010,1.273220,41567.0000
2020-07-22 00:00:00+00,1.273250,1.274380,1.264440,1.272720,63605.0000
2020-07-23 00:00:00+00,1.272740,1.276000,1.267320,1.272990,51349.0000
2020-07-24 00:00:00+00,1.272970,1.280380,1.271740,1.279390,45229.0000
2020-07-26 00:00:00+00,1.279510,1.280160,1.277950,1.279460,1803.0000
2020-07-27 00:00:00+00,1.279440,1.290260,1.279410,1.288820,45442.0000
2020-07-28 00:00:00+00,1.288840,1.295290,1.283860,1.292430,47819.0000
2020-07-29 00:00:00+00,1.292400,1.301340,1.291200,1.297900,51573.0000
2020-07-30 00:00:00+00,1.297880,1.312060,1.294450,1.311570,52872.0000
2020-07-31 00:00:00+00,1.311550,1.317020,1.307020,1.308550,65506.0000
2020-08-02 00:00:00+00,1.308550,1.310500,1.307280,1.309990,1790.0000
2020-08-03 00:00:00+00,1.309960,1.311290,1.300490,1.307820,48674.0000
2020-08-04 00:00:00+00,1.307800,1.310800,1.298150,1.308500,42541.0000
2020-08-05 00:00:00+00,1.308520,1.316160,1.305780,1.312500,42610.0000
2020-08-06 00:00:00+00,1.312520,1.318590,1.311880,1.313780,63678.0000
2020-08-07 00:00:00+00,1.313750,1.314780,1.300980,1.305220,49495.0000
2020-08-09 00:00:00+00,1.305910,1.306600,1.304150,1.305060,1524.0000
2020-08-10 00:00:00+00,1.305080,1.310360,1.301920,1.307660,33579.0000
2020-08-11 00:00:00+00,1.307630,1.313220,1.304180,1.305140,44728.0000
2020-08-12 00:00:00+00,1.305160,1.306760,1.300550,1.304600,47308.0000
2020-08-13 00:00:00+00,1.304630,1.312500,1.304360,1.307000,38931.0000
2020-08-14 00:00:00+00,1.307020,1.314280,1.304860,1.308580,32951.0000
2020-08-16 00:00:00+00,1.309690,1.310660,1.308960,1.310500,1051.0000
2020-08-17 00:00:00+00,1.310480,1.312160,1.307400,1.310660,30644.0000
2020-08-18 00:00:00+00,1.310630,1.325480,1.310540,1.325280,39222.0000
2020-08-19 00:00:00+00,1.325260,1.326720,1.309420,1.310980,50252.0000
2020-08-20 00:00:00+00,1.311000,1.322460,1.306460,1.321850,54094.0000
2020-08-21 00:00:00+00,1.321880,1.325520,1.305860,1.308980,52040.0000
2020-08-23 00:00:00+00,1.308830,1.310140,1.308380,1.309260,1022.0000
2020-08-24 00:00:00+00,1.309240,1.314900,1.305370,1.307080,36214.0000
2020-08-25 00:00:00+00,1.307060,1.317060,1.305880,1.315000,39233.0000
2020-08-26 00:00:00+00,1.314980,1.321990,1.311720,1.321920,36794.0000
2020-08-27 00:00:00+00,1.321940,1.328480,1.316160,1.320020,70991.0000
2020-08-28 00:00:00+00,1.320000,1.335680,1.318640,1.335120,55143.0000
2020-08-30 00:00:00+00,1.334680,1.335840,1.333740,1.335490,2052.0000
2020-08-31 00:00:00+00,1.335470,1.339570,1.330140,1.336360,42007.0000
2020-09-01 00:00:00+00,1.336380,1.348250,1.335660,1.340000,60786.0000
2020-09-02 00:00:00+00,1.339980,1.340100,1.328340,1.334820,50763.0000
2020-09-03 00:00:00+00,1.334800,1.334820,1.324270,1.326380,56871.0000
2020-09-04 00:00:00+00,1.326360,1.331910,1.317600,1.328020,60298.0000
2020-09-06 00:00:00+00,1.324730,1.327660,1.323940,1.324660,2050.0000
2020-09-07 00:00:00+00,1.324680,1.325790,1.314040,1.316100,30681.0000
2020-09-08 00:00:00+00,1.316120,1.316580,1.294980,1.296460,57835.0000
2020-09-09 00:00:00+00,1.296500,1.302340,1.288500,1.299850,55668.0000
2020-09-10 00:00:00+00,1.299830,1.303530,1.277320,1.280700,73342.0000
2020-09-11 00:00:00+00,1.280720,1.286600,1.276260,1.279560,53876.0000
2020-09-13 00:00:00+00,1.278110,1.281220,1.277520,1.280700,1185.0000
2020-09-14 00:00:00+00,1.280680,1.291940,1.279130,1.284880,43263.0000
2020-09-15 00:00:00+00,1.284860,1.292620,1.281480,1.288320,44108.0000
2020-09-16 00:00:00+00,1.288290,1.300730,1.287530,1.296070,65795.0000
2020-09-17 00:00:00+00,1.296090,1.299980,1.286480,1.297500,72843.0000
2020-09-18 00:00:00+00,1.297530,1.300000,1.291480,1.291720,50648.0000
2020-09-20 00:00:00+00,1.293150,1.293840,1.290630,1.293300,1638.0000
2020-09-21 00:00:00+00,1.293270,1.296660,1.277540,1.281780,59719.0000
2020-09-22 00:00:00+00,1.281760,1.286760,1.271070,1.274240,69018.0000
2020-09-23 00:00:00+00,1.274220,1.277720,1.267520,1.271400,62621.0000
2020-09-24 00:00:00+00,1.271420,1.278170,1.269080,1.275600,69248.0000
2020-09-25 00:00:00+00,1.275580,1.280540,1.268760,1.274540,50030.0000
2020-09-27 00:00:00+00,1.276820,1.277240,1.275340,1.276440,1035.0000
2020-09-28 00:00:00+00,1.276420,1.293000,1.275170,1.287360,50248.0000
2020-09-29 00:00:00+00,1.287340,1.290300,1.282280,1.286490,51281.0000
2020-09-30 00:00:00+00,1.286460,1.294290,1.280540,1.291600,62761.0000
2020-10-01 00:00:00+00,1.291620,1.297880,1.281960,1.288590,73855.0000
2020-10-02 00:00:00+00,1.288560,1.295400,1.283720,1.293550,74754.0000
2020-10-04 00:00:00+00,1.292840,1.293840,1.291350,1.292930,1223.0000
2020-10-05 00:00:00+00,1.292960,1.299400,1.289980,1.299320,37027.0000
2020-10-06 00:00:00+00,1.299340,1.300720,1.286560,1.288370,60201.0000
2020-10-07 00:00:00+00,1.288390,1.292960,1.284500,1.291630,48281.0000
2020-10-08 00:00:00+00,1.291660,1.297050,1.289160,1.293960,41165.0000
2020-10-09 00:00:00+00,1.293930,1.304970,1.292230,1.304640,39129.0000
2020-10-11 00:00:00+00,1.302670,1.303790,1.302670,1.303050,1091.0000
2020-10-12 00:00:00+00,1.303020,1.308280,1.300560,1.306440,34867.0000
2020-10-13 00:00:00+00,1.306460,1.306800,1.292180,1.293500,50622.0000
2020-10-14 00:00:00+00,1.293480,1.306460,1.286290,1.301190,54822.0000
2020-10-15 00:00:00+00,1.301220,1.303020,1.289050,1.290360,57565.0000
2020-10-16 00:00:00+00,1.290330,1.296260,1.286290,1.291660,58358.0000
2020-10-18 00:00:00+00,1.289800,1.292900,1.289800,1.292600,1907.0000
2020-10-19 00:00:00+00,1.292620,1.302460,1.292260,1.294780,46863.0000
2020-10-20 00:00:00+00,1.294760,1.297940,1.291130,1.295610,40888.0000
2020-10-21 00:00:00+00,1.295640,1.317700,1.295420,1.312940,51852.0000
2020-10-22 00:00:00+00,1.312910,1.314980,1.307070,1.307800,43752.0000
2020-10-23 00:00:00+00,1.307780,1.312260,1.301930,1.304100,41840.0000
2020-10-25 00:00:00+00,1.305940,1.305940,1.304040,1.305340,2495.0000
2020-10-26 00:00:00+00,1.305310,1.307500,1.299300,1.301560,42576.0000
2020-10-27 00:00:00+00,1.301540,1.307960,1.300100,1.303060,35242.0000
2020-10-28 00:00:00+00,1.303080,1.306390,1.291660,1.298920,55411.0000
2020-10-29 00:00:00+00,1.298940,1.302600,1.288110,1.293120,56489.0000
2020-10-30 00:00:00+00,1.293090,1.298820,1.289910,1.295170,54376.0000
2020-11-01 00:00:00+00,1.292670,1.293980,1.292060,1.292580,1152.0000
2020-11-02 00:00:00+00,1.292610,1.294280,1.285420,1.292200,42671.0000
2020-11-03 00:00:00+00,1.292220,1.313160,1.291520,1.311960,41185.0000
2020-11-04 00:00:00+00,1.311990,1.314040,1.291480,1.296600,120414.0000
2020-11-05 00:00:00+00,1.296580,1.315790,1.294040,1.313860,79162.0000
2020-11-06 00:00:00+00,1.313880,1.317720,1.309260,1.315580,68874.0000
2020-11-08 00:00:00+00,1.316240,1.318220,1.315160,1.317980,4716.0000
2020-11-09 00:00:00+00,1.318020,1.320810,1.311850,1.316900,83189.0000
2020-11-10 00:00:00+00,1.316870,1.327840,1.315720,1.326080,74287.0000
2020-11-11 00:00:00+00,1.326110,1.331360,1.319160,1.322360,53893.0000
2020-11-12 00:00:00+00,1.322330,1.322840,1.310640,1.312160,47954.0000
2020-11-13 00:00:00+00,1.312180,1.320060,1.310920,1.319580,34092.0000
2020-11-15 00:00:00+00,1.317680,1.322400,1.317640,1.321980,1094.0000
2020-11-16 00:00:00+00,1.321960,1.324250,1.316560,1.322140,42879.0000
2020-11-17 00:00:00+00,1.322120,1.327240,1.319320,1.325680,36355.0000
2020-11-18 00:00:00+00,1.325660,1.331240,1.324380,1.325160,31242.0000
2020-11-19 00:00:00+00,1.325120,1.327940,1.319620,1.324740,40756.0000
2020-11-20 00:00:00+00,1.324760,1.329740,1.324760,1.328440,32710.0000
2020-11-22 00:00:00+00,1.329680,1.330490,1.328510,1.330380,660.0000
2020-11-23 00:00:00+00,1.330360,1.339760,1.326400,1.332660,41795.0000
2020-11-24 00:00:00+00,1.332680,1.338050,1.329300,1.336160,40516.0000
2020-11-25 00:00:00+00,1.336180,1.339360,1.330400,1.338400,41720.0000
2020-11-26 00:00:00+00,1.338420,1.339780,1.332180,1.335350,20964.0000
2020-11-27 00:00:00+00,1.335380,1.338180,1.328690,1.331500,32761.0000
2020-11-29 00:00:00+00,1.333380,1.333530,1.330640,1.333220,1000.0000
2020-11-30 00:00:00+00,1.333240,1.338530,1.330520,1.333540,48215.0000
2020-12-01 00:00:00+00,1.333570,1.344220,1.331580,1.342170,52062.0000
2020-12-02 00:00:00+00,1.342200,1.344110,1.328780,1.336830,54616.0000
2020-12-03 00:00:00+00,1.336850,1.350000,1.335360,1.345190,47009.0000
2020-12-04 00:00:00+00,1.345220,1.353970,1.341060,1.343990,60360.0000
2020-12-06 00:00:00+00,1.341020,1.342250,1.340980,1.341520,828.0000
2020-12-07 00:00:00+00,1.341500,1.343800,1.322420,1.335530,68728.0000
2020-12-08 00:00:00+00,1.335500,1.339320,1.328960,1.336460,63427.0000
2020-12-09 00:00:00+00,1.336440,1.347830,1.332250,1.336590,49695.0000
2020-12-10 00:00:00+00,1.336570,1.338980,1.324540,1.330200,60180.0000
2020-12-11 00:00:00+00,1.330220,1.332480,1.313420,1.322340,56663.0000
2020-12-13 00:00:00+00,1.322340,1.336390,1.322340,1.331610,2010.0000
2020-12-14 00:00:00+00,1.331630,1.344580,1.329020,1.332590,47380.0000
2020-12-15 00:00:00+00,1.332560,1.346970,1.328030,1.344730,51824.0000
2020-12-16 00:00:00+00,1.344700,1.355420,1.343470,1.350220,50532.0000
2020-12-17 00:00:00+00,1.350190,1.362460,1.349580,1.356920,44352.0000
2020-12-18 00:00:00+00,1.356900,1.357320,1.347160,1.352260,41469.0000
2020-12-20 00:00:00+00,1.340450,1.344360,1.339460,1.340150,1877.0000
2020-12-21 00:00:00+00,1.340180,1.349920,1.318790,1.344740,77595.0000
2020-12-22 00:00:00+00,1.344760,1.345740,1.330420,1.340200,63382.0000
2020-12-23 00:00:00+00,1.340180,1.357100,1.337130,1.351260,68955.0000
2020-12-24 00:00:00+00,1.351280,1.361960,1.350280,1.356230,39179.0000
2020-12-27 00:00:00+00,1.354920,1.357280,1.354580,1.357000,1041.0000
2020-12-28 00:00:00+00,1.357020,1.357590,1.342940,1.346460,40887.0000
2020-12-29 00:00:00+00,1.346480,1.352300,1.345940,1.349760,42178.0000
2020-12-30 00:00:00+00,1.349740,1.363060,1.349360,1.362940,43136.0000
2020-12-31 00:00:00+00,1.362920,1.368630,1.360440,1.366560,45438.0000
2021-01-03 00:00:00+00,1.365270,1.368400,1.365000,1.368080,986.0000
2021-01-04 00:00:00+00,1.368100,1.370390,1.354190,1.357120,59842.0000
2021-01-05 00:00:00+00,1.357100,1.364210,1.355440,1.362700,52022.0000
2021-01-06 00:00:00+00,1.362680,1.367120,1.353870,1.362380,72422.0000
2021-01-07 00:00:00+00,1.362410,1.363340,1.353250,1.356880,57050.0000
2021-01-08 00:00:00+00,1.356900,1.363580,1.353850,1.356880,64558.0000
2021-01-10 00:00:00+00,1.356810,1.357250,1.351000,1.351870,1937.0000
2021-01-11 00:00:00+00,1.351840,1.353510,1.345100,1.352330,49159.0000
2021-01-12 00:00:00+00,1.352300,1.367040,1.350440,1.366710,44545.0000
2021-01-13 00:00:00+00,1.366740,1.370120,1.361180,1.364750,40974.0000
2021-01-14 00:00:00+00,1.364720,1.371060,1.361660,1.368280,45044.0000
2021-01-15 00:00:00+00,1.368260,1.369800,1.357220,1.358880,41159.0000
2021-01-17 00:00:00+00,1.360410,1.360420,1.356980,1.357100,1534.0000
2021-01-18 00:00:00+00,1.357120,1.358980,1.351980,1.358270,26485.0000
2021-01-19 00:00:00+00,1.358300,1.364760,1.358160,1.364420,28734.0000
2021-01-20 00:00:00+00,1.364440,1.371880,1.362340,1.366680,35702.0000
2021-01-21 00:00:00+00,1.366660,1.374600,1.365890,1.372850,35555.0000
2021-01-22 00:00:00+00,1.372880,1.373600,1.363600,1.368420,31920.0000
2021-01-24 00:00:00+00,1.368300,1.369150,1.367500,1.368570,1070.0000
2021-01-25 00:00:00+00,1.368600,1.372380,1.364880,1.367680,35384.0000
2021-01-26 00:00:00+00,1.367660,1.374440,1.360980,1.374120,30420.0000
2021-01-27 00:00:00+00,1.374100,1.375880,1.365940,1.367080,47103.0000
2021-01-28 00:00:00+00,1.367110,1.374590,1.363020,1.372480,45032.0000
2021-01-29 00:00:00+00,1.372500,1.375160,1.365740,1.370500,52498.0000
2021-01-31 00:00:00+00,1.370710,1.370910,1.369440,1.369780,1927.0000
2021-02-01 00:00:00+00,1.369750,1.375790,1.365650,1.367570,44014.0000
2021-02-02 00:00:00+00,1.367600,1.371050,1.361130,1.365900,39787.0000
2021-02-03 00:00:00+00,1.365880,1.368320,1.361930,1.364950,34921.0000
2021-02-04 00:00:00+00,1.364980,1.369800,1.356620,1.367260,42425.0000
2021-02-05 00:00:00+00,1.367240,1.374000,1.366600,1.373800,32775.0000
2021-02-07 00:00:00+00,1.371750,1.374020,1.371260,1.373820,1619.0000
2021-02-08 00:00:00+00,1.373860,1.374940,1.368040,1.374530,27714.0000
2021-02-09 00:00:00+00,1.374550,1.382040,1.374220,1.381560,31283.0000
2021-02-10 00:00:00+00,1.381590,1.386610,1.380260,1.383060,33669.0000
2021-02-11 00:00:00+00,1.383030,1.385940,1.380060,1.381120,24125.0000
2021-02-12 00:00:00+00,1.381100,1.386260,1.377590,1.385060,25063.0000
2021-02-14 00:00:00+00,1.385350,1.387120,1.384910,1.386920,2397.0000
2021-02-15 00:00:00+00,1.386940,1.391910,1.386580,1.391420,20727.0000
2021-02-16 00:00:00+00,1.391400,1.395160,1.386940,1.388570,33464.0000
2021-02-17 00:00:00+00,1.388540,1.390400,1.382960,1.386640,33444.0000
2021-02-18 00:00:00+00,1.386620,1.398600,1.383980,1.396740,32068.0000
2021-02-19 00:00:00+00,1.396760,1.403600,1.395140,1.401070,27473.0000
2021-02-21 00:00:00+00,1.401800,1.403160,1.400680,1.402770,3692.0000
2021-02-22 00:00:00+00,1.402790,1.408660,1.398080,1.406800,30921.0000
2021-02-23 00:00:00+00,1.406780,1.412090,1.405430,1.411950,30472.0000
2021-02-24 00:00:00+00,1.411930,1.424260,1.408210,1.414660,42010.0000
2021-02-25 00:00:00+00,1.414640,1.418190,1.400000,1.400350,54838.0000
2021-02-26 00:00:00+00,1.400320,1.402200,1.388800,1.392760,75697.0000
2021-02-28 00:00:00+00,1.393600,1.397970,1.393080,1.397390,5316.0000
2021-03-01 00:00:00+00,1.397420,1.399930,1.390400,1.392880,41855.0000
2021-03-02 00:00:00+00,1.392900,1.397700,1.385900,1.395390,40381.0000
2021-03-03 00:00:00+00,1.395420,1.400660,1.392100,1.392160,44268.0000
2021-03-04 00:00:00+00,1.392120,1.401740,1.388030,1.389370,59489.0000
2021-03-05 00:00:00+00,1.389340,1.390670,1.377900,1.383780,62122.0000
2021-03-07 00:00:00+00,1.381800,1.386580,1.380550,1.385110,4674.0000
2021-03-08 00:00:00+00,1.385060,1.385920,1.380040,1.382200,49550.0000
2021-03-09 00:00:00+00,1.382220,1.392560,1.380220,1.388750,48728.0000
2021-03-10 00:00:00+00,1.388770,1.393840,1.384560,1.393040,42068.0000
2021-03-11 00:00:00+00,1.393010,1.399560,1.391880,1.398780,34304.0000
2021-03-12 00:00:00+00,1.398760,1.400500,1.386360,1.392060,35844.0000
2021-03-14 00:00:00+00,1.392000,1.393190,1.391660,1.393000,1326.0000
2021-03-15 00:00:00+00,1.393020,1.394980,1.385310,1.389870,31365.0000
2021-03-16 00:00:00+00,1.389850,1.390600,1.380900,1.390260,31493.0000
2021-03-17 00:00:00+00,1.390240,1.397620,1.385100,1.397560,38129.0000
2021-03-18 00:00:00+00,1.397580,1.400140,1.389760,1.392340,45093.0000
2021-03-19 00:00:00+00,1.392360,1.395920,1.383040,1.386920,38056.0000
2021-03-21 00:00:00+00,1.383840,1.384740,1.382960,1.383360,1208.0000
2021-03-22 00:00:00+00,1.383380,1.387690,1.381790,1.385930,24977.0000
2021-03-23 00:00:00+00,1.385960,1.386210,1.372400,1.373140,33205.0000
2021-03-24 00:00:00+00,1.373160,1.374280,1.367410,1.368860,30912.0000
2021-03-25 00:00:00+00,1.368880,1.374840,1.367060,1.374660,32584.0000
2021-03-26 00:00:00+00,1.374680,1.381240,1.374230,1.379250,25310.0000
2021-03-28 00:00:00+00,1.379560,1.380590,1.377720,1.379010,906.0000
2021-03-29 00:00:00+00,1.379050,1.384680,1.375560,1.377440,30719.0000
2021-03-30 00:00:00+00,1.377420,1.378360,1.370620,1.374600,29666.0000
2021-03-31 00:00:00+00,1.374580,1.381180,1.371660,1.378570,30881.0000
2021-04-01 00:00:00+00,1.378540,1.383800,1.374600,1.383360,30559.0000
2021-04-02 00:00:00+00,1.383380,1.385250,1.381280,1.383540,37990.0000
2021-04-04 00:00:00+00,1.382600,1.383590,1.381780,1.383020,1361.0000
2021-04-05 00:00:00+00,1.382990,1.391560,1.381320,1.391260,16329.0000
2021-04-06 00:00:00+00,1.391220,1.391880,1.380220,1.383020,29149.0000
2021-04-07 00:00:00+00,1.382980,1.384000,1.372460,1.374180,35174.0000
2021-04-08 00:00:00+00,1.374160,1.378260,1.371860,1.373360,26898.0000
2021-04-09 00:00:00+00,1.373380,1.375080,1.367000,1.370600,24688.0000
2021-04-11 00:00:00+00,1.371110,1.371590,1.369700,1.370760,1219.0000
2021-04-12 00:00:00+00,1.370780,1.377680,1.366920,1.375370,22854.0000
2021-04-13 00:00:00+00,1.375340,1.376900,1.369450,1.375870,27603.0000
2021-04-14 00:00:00+00,1.375890,1.380860,1.374990,1.377780,23723.0000
2021-04-15 00:00:00+00,1.377740,1.380900,1.376160,1.378360,25311.0000
2021-04-16 00:00:00+00,1.378330,1.384360,1.371600,1.384140,25688.0000
2021-04-18 00:00:00+00,1.383380,1.383720,1.381750,1.381800,1146.0000
2021-04-19 00:00:00+00,1.381820,1.399290,1.380970,1.399160,31700.0000
2021-04-20 00:00:00+00,1.399180,1.400920,1.392620,1.393820,26078.0000
2021-04-21 00:00:00+00,1.393800,1.394980,1.388560,1.393110,24391.0000
2021-04-22 00:00:00+00,1.393080,1.394980,1.382360,1.383920,29964.0000
2021-04-23 00:00:00+00,1.383900,1.389550,1.383560,1.387570,25780.0000
2021-04-25 00:00:00+00,1.387730,1.388150,1.386480,1.386510,884.0000
2021-04-26 00:00:00+00,1.386540,1.392950,1.386540,1.389490,26452.0000
2021-04-27 00:00:00+00,1.389460,1.392420,1.385880,1.390280,25288.0000
2021-04-28 00:00:00+00,1.390310,1.395660,1.386100,1.395430,30784.0000
2021-04-29 00:00:00+00,1.395460,1.397660,1.393220,1.395040,30244.0000
2021-04-30 00:00:00+00,1.395060,1.395840,1.380280,1.381770,33158.0000
2021-05-02 00:00:00+00,1.381850,1.382320,1.381170,1.381870,871.0000
2021-05-03 00:00:00+00,1.381900,1.393180,1.380120,1.390320,24561.0000
2021-05-04 00:00:00+00,1.390340,1.390540,1.383840,1.388740,34504.0000
2021-05-05 00:00:00+00,1.388770,1.392640,1.387620,1.390900,24214.0000
2021-05-06 00:00:00+00,1.390880,1.394100,1.385720,1.389580,34748.0000
2021-05-07 00:00:00+00,1.389560,1.400580,1.389030,1.398630,37050.0000
2021-05-09 00:00:00+00,1.400470,1.404440,1.399740,1.404060,1910.0000
2021-05-10 00:00:00+00,1.404030,1.415820,1.401510,1.413070,34791.0000
2021-05-11 00:00:00+00,1.413090,1.416680,1.410400,1.413550,34400.0000
2021-05-12 00:00:00+00,1.413580,1.415340,1.405000,1.406240,45918.0000
2021-05-13 00:00:00+00,1.406260,1.407820,1.400570,1.404620,39877.0000
2021-05-14 00:00:00+00,1.404580,1.411100,1.403620,1.409680,30153.0000
2021-05-16 00:00:00+00,1.410350,1.410440,1.409520,1.410110,747.0000
2021-05-17 00:00:00+00,1.410090,1.414810,1.407740,1.414780,27787.0000
2021-05-18 00:00:00+00,1.414760,1.422040,1.414560,1.418720,30172.0000
2021-05-19 00:00:00+00,1.418740,1.420090,1.409920,1.410740,47763.0000
2021-05-20 00:00:00+00,1.410720,1.419450,1.410160,1.418470,31986.0000
2021-05-21 00:00:00+00,1.418500,1.423400,1.414060,1.414920,33744.0000
2021-05-23 00:00:00+00,1.415850,1.416270,1.413920,1.414020,1100.0000
2021-05-24 00:00:00+00,1.414000,1.417200,1.411130,1.415540,30529.0000
2021-05-25 00:00:00+00,1.415510,1.421090,1.411560,1.414300,35717.0000
2021-05-26 00:00:00+00,1.414270,1.417600,1.411240,1.411520,32784.0000
2021-05-27 00:00:00+00,1.411500,1.421940,1.409190,1.420320,37012.0000
2021-05-28 00:00:00+00,1.420350,1.420580,1.413640,1.419050,39498.0000
2021-05-30 00:00:00+00,1.418500,1.419620,1.417940,1.417940,482.0000
2021-05-31 00:00:00+00,1.417960,1.422840,1.416400,1.422690,24258.0000
2021-06-01 00:00:00+00,1.422660,1.425050,1.414570,1.415570,38190.0000
2021-06-02 00:00:00+00,1.415540,1.418340,1.411160,1.417120,31200.0000
2021-06-03 00:00:00+00,1.417140,1.420320,1.408640,1.410790,38818.0000
2021-06-04 00:00:00+00,1.410810,1.420060,1.408300,1.415960,36986.0000
2021-06-06 00:00:00+00,1.415960,1.416960,1.414610,1.416400,903.0000
2021-06-07 00:00:00+00,1.416360,1.419080,1.411140,1.417580,25872.0000
2021-06-08 00:00:00+00,1.417560,1.418460,1.412080,1.414940,27904.0000
2021-06-09 00:00:00+00,1.414910,1.418920,1.411000,1.411110,22620.0000
2021-06-10 00:00:00+00,1.411080,1.417820,1.407340,1.417060,39521.0000
2021-06-11 00:00:00+00,1.417080,1.418540,1.409590,1.410730,26902.0000
2021-06-13 00:00:00+00,1.410610,1.412710,1.410610,1.411760,914.0000
2021-06-14 00:00:00+00,1.411790,1.412400,1.407020,1.410960,23608.0000
2021-06-15 00:00:00+00,1.410980,1.412870,1.403440,1.408100,27832.0000
2021-06-16 00:00:00+00,1.408120,1.413260,1.398270,1.398920,45167.0000
2021-06-17 00:00:00+00,1.398890,1.400880,1.389590,1.393800,45608.0000
2021-06-18 00:00:00+00,1.393780,1.394480,1.379220,1.380470,48568.0000
2021-06-20 00:00:00+00,1.381100,1.382450,1.379930,1.381660,1144.0000
2021-06-21 00:00:00+00,1.381680,1.393810,1.378650,1.392450,40705.0000
2021-06-22 00:00:00+00,1.392420,1.396380,1.386040,1.394900,33199.0000
2021-06-23 00:00:00+00,1.394920,1.400150,1.392400,1.396680,32133.0000
2021-06-24 00:00:00+00,1.396660,1.398670,1.388960,1.391600,37808.0000
2021-06-25 00:00:00+00,1.391580,1.393540,1.387130,1.388480,26976.0000
2021-06-27 00:00:00+00,1.389740,1.389990,1.387840,1.389640,708.0000
2021-06-28 00:00:00+00,1.389590,1.393980,1.387090,1.387850,26473.0000
2021-06-29 00:00:00+00,1.387880,1.388060,1.381400,1.384020,27782.0000
2021-06-30 00:00:00+00,1.384040,1.387320,1.379840,1.382840,31502.0000
2021-07-01 00:00:00+00,1.382870,1.383460,1.375220,1.375930,32612.0000
2021-07-02 00:00:00+00,1.375900,1.384490,1.373160,1.382730,36322.0000
2021-07-04 00:00:00+00,1.382750,1.383900,1.382680,1.383160,646.0000
2021-07-05 00:00:00+00,1.383140,1.386200,1.381710,1.385320,19380.0000
2021-07-06 00:00:00+00,1.385300,1.389870,1.377300,1.380410,39401.0000
2021-07-07 00:00:00+00,1.380380,1.384190,1.375400,1.379980,39812.0000
2021-07-08 00:00:00+00,1.380010,1.380190,1.374200,1.379000,48415.0000
2021-07-09 00:00:00+00,1.379020,1.390800,1.375540,1.389880,40439.0000
2021-07-11 00:00:00+00,1.389450,1.390160,1.388700,1.389900,1554.0000
2021-07-12 00:00:00+00,1.389870,1.391040,1.383890,1.388670,28471.0000
2021-07-13 00:00:00+00,1.388690,1.390520,1.380010,1.380550,33969.0000
2021-07-14 00:00:00+00,1.380520,1.389220,1.380160,1.385660,34432.0000
2021-07-15 00:00:00+00,1.385680,1.389910,1.380490,1.382810,39967.0000
2021-07-16 00:00:00+00,1.382790,1.386220,1.376070,1.376530,32048.0000
2021-07-18 00:00:00+00,1.377710,1.377780,1.375730,1.376360,654.0000
2021-07-19 00:00:00+00,1.376390,1.376390,1.365470,1.366880,49439.0000
2021-07-20 00:00:00+00,1.366850,1.368960,1.357200,1.363460,43218.0000
2021-07-21 00:00:00+00,1.363480,1.372340,1.359140,1.371210,32199.0000
2021-07-22 00:00:00+00,1.371190,1.378720,1.369040,1.377280,36427.0000
2021-07-23 00:00:00+00,1.377260,1.378040,1.372010,1.375220,27074.0000
2021-07-25 00:00:00+00,1.376060,1.376610,1.375000,1.375700,3866.0000
2021-07-26 00:00:00+00,1.375720,1.383360,1.373720,1.382640,29062.0000
2021-07-27 00:00:00+00,1.382620,1.389420,1.376690,1.388220,33136.0000
2021-07-28 00:00:00+00,1.388240,1.391160,1.384280,1.390590,37731.0000
2021-07-29 00:00:00+00,1.390570,1.398190,1.389840,1.396380,22638.0000
2021-07-30 00:00:00+00,1.396360,1.398350,1.388830,1.390380,26128.0000
2021-08-01 00:00:00+00,1.390160,1.390540,1.389280,1.389550,501.0000
2021-08-02 00:00:00+00,1.389580,1.393250,1.387580,1.389080,22915.0000
2021-08-03 00:00:00+00,1.389060,1.393880,1.388270,1.391710,22867.0000
2021-08-04 00:00:00+00,1.391680,1.395780,1.388540,1.388980,21589.0000
2021-08-05 00:00:00+00,1.389020,1.394910,1.387230,1.392720,27631.0000
2021-08-06 00:00:00+00,1.392740,1.393320,1.386130,1.387290,22357.0000
2021-08-08 00:00:00+00,1.387650,1.388250,1.385810,1.386670,7733.0000
2021-08-09 00:00:00+00,1.386700,1.389460,1.384090,1.384700,20223.0000
2021-08-10 00:00:00+00,1.384670,1.387250,1.382760,1.383540,20752.0000
2021-08-11 00:00:00+00,1.383560,1.388800,1.380290,1.386660,22942.0000
2021-08-12 00:00:00+00,1.386640,1.387880,1.379510,1.381100,18400.0000
2021-08-13 00:00:00+00,1.381120,1.387500,1.379080,1.386920,15317.0000
2021-08-15 00:00:00+00,1.386080,1.387360,1.385740,1.386380,945.0000
2021-08-16 00:00:00+00,1.386360,1.387860,1.382780,1.384070,19184.0000
2021-08-17 00:00:00+00,1.384040,1.384090,1.372630,1.374000,25439.0000
2021-08-18 00:00:00+00,1.374030,1.378630,1.373160,1.374320,24350.0000
2021-08-19 00:00:00+00,1.374340,1.374980,1.362800,1.363030,30333.0000
2021-08-20 00:00:00+00,1.363050,1.364100,1.360240,1.362200,23128.0000
2021-08-22 00:00:00+00,1.362530,1.363140,1.361250,1.362460,32228.0000
2021-08-23 00:00:00+00,1.362510,1.373240,1.362510,1.372320,21889.0000
2021-08-24 00:00:00+00,1.372290,1.374790,1.369370,1.372460,20607.0000
2021-08-25 00:00:00+00,1.372490,1.376720,1.369680,1.376460,19938.0000
2021-08-26 00:00:00+00,1.376440,1.376810,1.368950,1.370060,22661.0000
2021-08-27 00:00:00+00,1.370020,1.378100,1.367980,1.376210,30109.0000
2021-08-29 00:00:00+00,1.376000,1.376640,1.375200,1.376270,992.0000
2021-08-30 00:00:00+00,1.376240,1.377520,1.373400,1.375900,15169.0000
2021-08-31 00:00:00+00,1.375880,1.380800,1.374300,1.375240,30242.0000
2021-09-01 00:00:00+00,1.375260,1.379840,1.373120,1.377140,22509.0000
2021-09-02 00:00:00+00,1.377160,1.383980,1.376720,1.383620,17641.0000
2021-09-03 00:00:00+00,1.383640,1.389200,1.381790,1.386480,26087.0000
2021-09-05 00:00:00+00,1.386240,1.387140,1.385560,1.385780,628.0000
2021-09-06 00:00:00+00,1.385750,1.385980,1.381890,1.383880,15078.0000
2021-09-07 00:00:00+00,1.383860,1.385680,1.376780,1.377900,24899.0000
2021-09-08 00:00:00+00,1.377880,1.379070,1.372660,1.376680,26285.0000
2021-09-09 00:00:00+00,1.376710,1.386250,1.375340,1.383840,27898.0000
2021-09-10 00:00:00+00,1.383860,1.388840,1.382640,1.383670,22908.0000
2021-09-12 00:00:00+00,1.384400,1.385120,1.383170,1.383880,933.0000
2021-09-13 00:00:00+00,1.383910,1.385120,1.379720,1.383740,24183.0000
2021-09-14 00:00:00+00,1.383780,1.391320,1.380370,1.380800,30171.0000
2021-09-15 00:00:00+00,1.380830,1.385390,1.379280,1.384820,26176.0000
2021-09-16 00:00:00+00,1.384800,1.384960,1.376460,1.379780,27171.0000
2021-09-17 00:00:00+00,1.379750,1.381290,1.372740,1.373820,26136.0000
2021-09-19 00:00:00+00,1.374550,1.375200,1.372440,1.372880,795.0000
2021-09-20 00:00:00+00,1.372860,1.373040,1.364060,1.366210,32176.0000
2021-09-21 00:00:00+00,1.366240,1.369300,1.364140,1.365760,33226.0000
2021-09-22 00:00:00+00,1.365740,1.368990,1.360970,1.361620,46920.0000
2021-09-23 00:00:00+00,1.361640,1.375080,1.361230,1.372080,37437.0000
2021-09-24 00:00:00+00,1.372060,1.373650,1.365760,1.367450,24284.0000
2021-09-26 00:00:00+00,1.366800,1.367950,1.366140,1.366850,920.0000
2021-09-27 00:00:00+00,1.366870,1.372920,1.365820,1.370090,29228.0000
2021-09-28 00:00:00+00,1.370110,1.371750,1.352060,1.354180,42068.0000
2021-09-29 00:00:00+00,1.354150,1.355480,1.341180,1.342700,39284.0000
2021-09-30 00:00:00+00,1.342680,1.351750,1.341570,1.346860,37247.0000
2021-10-01 00:00:00+00,1.346840,1.357580,1.343380,1.354460,43392.0000
2021-10-03 00:00:00+00,1.355650,1.357560,1.354310,1.356990,1171.0000
2021-10-04 00:00:00+00,1.357020,1.364050,1.353200,1.360660,35862.0000
2021-10-05 00:00:00+00,1.360690,1.364800,1.358460,1.362650,33034.0000
2021-10-06 00:00:00+00,1.362620,1.363150,1.354410,1.359230,40430.0000
2021-10-07 00:00:00+00,1.359200,1.363840,1.357060,1.361930,29028.0000
2021-10-08 00:00:00+00,1.361900,1.365900,1.358360,1.361630,31750.0000
2021-10-10 00:00:00+00,1.361890,1.362970,1.361200,1.361600,973.0000
2021-10-11 00:00:00+00,1.361620,1.367380,1.358440,1.359110,26929.0000
2021-10-12 00:00:00+00,1.359140,1.363760,1.356850,1.357640,28223.0000
2021-10-13 00:00:00+00,1.357670,1.366900,1.357580,1.366840,32774.0000
2021-10-14 00:00:00+00,1.366820,1.373440,1.365840,1.366840,22541.0000
2021-10-15 00:00:00+00,1.366860,1.377340,1.366820,1.374910,27106.0000
2021-10-17 00:00:00+00,1.375700,1.376560,1.374570,1.376100,2612.0000
2021-10-18 00:00:00+00,1.376120,1.376350,1.370910,1.373580,25062.0000
2021-10-19 00:00:00+00,1.373600,1.383380,1.373600,1.379220,24421.0000
2021-10-20 00:00:00+00,1.379250,1.383440,1.374260,1.382180,24647.0000
2021-10-21 00:00:00+00,1.382210,1.383320,1.377630,1.379130,25794.0000
2021-10-22 00:00:00+00,1.379100,1.381560,1.373580,1.375270,34739.0000
2021-10-24 00:00:00+00,1.374710,1.376480,1.374710,1.376220,770.0000
2021-10-25 00:00:00+00,1.376260,1.379200,1.374180,1.376360,29620.0000
2021-10-26 00:00:00+00,1.376380,1.382950,1.375700,1.376560,30209.0000
2021-10-27 00:00:00+00,1.376580,1.378100,1.370960,1.373160,35976.0000
2021-10-28 00:00:00+00,1.373140,1.381520,1.372220,1.379880,43345.0000
2021-10-29 00:00:00+00,1.379910,1.380400,1.366810,1.368340,38667.0000
2021-10-31 00:00:00+00,1.368350,1.368960,1.367920,1.368260,1253.0000
2021-11-01 00:00:00+00,1.368290,1.369300,1.364180,1.365460,29329.0000
2021-11-02 00:00:00+00,1.365480,1.366760,1.360550,1.361620,30663.0000
2021-11-03 00:00:00+00,1.361650,1.369820,1.360740,1.369410,39846.0000
2021-11-04 00:00:00+00,1.369380,1.369450,1.347150,1.350810,41795.0000
2021-11-05 00:00:00+00,1.350790,1.350920,1.342460,1.349720,35803.0000
2021-11-07 00:00:00+00,1.348100,1.349790,1.348050,1.349040,2148.0000
2021-11-08 00:00:00+00,1.349060,1.358000,1.345020,1.356380,26738.0000
2021-11-09 00:00:00+00,1.356400,1.360750,1.352420,1.356000,30334.0000
2021-11-10 00:00:00+00,1.356030,1.356500,1.340170,1.341220,44360.0000
2021-11-11 00:00:00+00,1.341250,1.343320,1.335900,1.336530,28892.0000
2021-11-12 00:00:00+00,1.336560,1.342630,1.335340,1.341790,24147.0000
2021-11-14 00:00:00+00,1.341920,1.342130,1.341140,1.341640,1770.0000
2021-11-15 00:00:00+00,1.341620,1.344980,1.340340,1.341020,25665.0000
2021-11-16 00:00:00+00,1.341040,1.347300,1.341040,1.342520,33956.0000
2021-11-17 00:00:00+00,1.342540,1.349620,1.339640,1.348860,36076.0000
2021-11-18 00:00:00+00,1.348880,1.351360,1.346400,1.349900,31124.0000
2021-11-19 00:00:00+00,1.349880,1.350980,1.340750,1.344400,45234.0000
2021-11-22 00:00:00+00,1.344200,1.344990,1.338450,1.339780,40645.0000
2021-11-23 00:00:00+00,1.339800,1.340980,1.334260,1.337500,40311.0000
2021-11-24 00:00:00+00,1.337530,1.339020,1.331580,1.332980,40567.0000
2021-11-25 00:00:00+00,1.333010,1.335380,1.330540,1.331240,23084.0000
2021-11-26 00:00:00+00,1.331220,1.336480,1.327820,1.333380,52085.0000
2021-11-28 00:00:00+00,1.334030,1.334420,1.332910,1.334060,1141.0000
2021-11-29 00:00:00+00,1.334040,1.336310,1.328770,1.331420,34815.0000
2021-11-30 00:00:00+00,1.331440,1.337040,1.319480,1.329520,65991.0000
2021-12-01 00:00:00+00,1.329560,1.335200,1.326210,1.327760,44446.0000
2021-12-02 00:00:00+00,1.327780,1.333390,1.327160,1.329980,38040.0000
2021-12-03 00:00:00+00,1.329960,1.331060,1.320900,1.323730,43696.0000
2021-12-05 00:00:00+00,1.324910,1.325660,1.323320,1.323550,1314.0000
2021-12-06 00:00:00+00,1.323520,1.328640,1.322250,1.326260,29063.0000
2021-12-07 00:00:00+00,1.326280,1.328940,1.320890,1.324560,28772.0000
2021-12-08 00:00:00+00,1.324580,1.326160,1.316100,1.320950,39594.0000
2021-12-09 00:00:00+00,1.320920,1.322440,1.317080,1.322420,25687.0000
2021-12-10 00:00:00+00,1.322450,1.327560,1.318740,1.326420,26750.0000
2021-12-12 00:00:00+00,1.326010,1.326080,1.325400,1.325750,1852.0000
2021-12-13 00:00:00+00,1.325730,1.326870,1.320760,1.321320,25866.0000
2021-12-14 00:00:00+00,1.321280,1.325700,1.319120,1.323000,23139.0000
2021-12-15 00:00:00+00,1.322970,1.328280,1.317200,1.326230,39551.0000
2021-12-16 00:00:00+00,1.326260,1.337460,1.324140,1.332280,41428.0000
2021-12-17 00:00:00+00,1.332300,1.333940,1.323140,1.323780,29258.0000
2021-12-19 00:00:00+00,1.324100,1.324660,1.322240,1.322920,876.0000
2021-12-20 00:00:00+00,1.322950,1.324460,1.317360,1.320940,26925.0000
2021-12-21 00:00:00+00,1.320960,1.327100,1.319780,1.326820,22751.0000
2021-12-22 00:00:00+00,1.326860,1.336340,1.324040,1.335090,23640.0000
2021-12-23 00:00:00+00,1.335060,1.343800,1.334250,1.340580,19909.0000
2021-12-24 00:00:00+00,1.340640,1.342120,1.338490,1.339360,28489.0000
2021-12-26 00:00:00+00,1.339420,1.341180,1.339230,1.340320,394.0000
2021-12-27 00:00:00+00,1.340280,1.344530,1.339200,1.344120,12114.0000
2021-12-28 00:00:00+00,1.344140,1.346180,1.341490,1.343360,12114.0000
2021-12-29 00:00:00+00,1.343340,1.349960,1.340880,1.349700,17207.0000
2021-12-30 00:00:00+00,1.349680,1.352200,1.345440,1.349710,18133.0000
2021-12-31 00:00:00+00,1.349740,1.355040,1.346560,1.353110,21069.0000
2022-01-02 00:00:00+00,1.353150,1.353570,1.352060,1.352160,399.0000
2022-01-03 00:00:00+00,1.352190,1.352960,1.343080,1.348260,22006.0000
2022-01-04 00:00:00+00,1.348240,1.355730,1.345940,1.353040,23400.0000
2022-01-05 00:00:00+00,1.353010,1.359860,1.352280,1.355500,26252.0000
2022-01-06 00:00:00+00,1.355480,1.355920,1.349030,1.353320,27310.0000
2022-01-07 00:00:00+00,1.353280,1.359760,1.352780,1.359060,23970.0000
2022-01-09 00:00:00+00,1.358180,1.359460,1.357840,1.359150,1520.0000
2022-01-10 00:00:00+00,1.359130,1.360360,1.353230,1.357980,24071.0000
2022-01-11 00:00:00+00,1.357960,1.363620,1.356160,1.363280,26877.0000
2022-01-12 00:00:00+00,1.363310,1.371460,1.362080,1.370640,25069.0000
2022-01-13 00:00:00+00,1.370620,1.374890,1.370090,1.371300,26035.0000
2022-01-14 00:00:00+00,1.371280,1.374310,1.365340,1.368180,30686.0000
2022-01-16 00:00:00+00,1.367500,1.368160,1.366620,1.367280,2002.0000
2022-01-17 00:00:00+00,1.367300,1.369000,1.363740,1.364760,20809.0000
2022-01-18 00:00:00+00,1.364740,1.366160,1.357320,1.360000,36290.0000
2022-01-19 00:00:00+00,1.360020,1.364920,1.358780,1.360900,31908.0000
2022-01-20 00:00:00+00,1.360960,1.366200,1.358730,1.359670,31640.0000
2022-01-21 00:00:00+00,1.359700,1.360210,1.354560,1.355440,34186.0000
2022-01-23 00:00:00+00,1.355460,1.355580,1.354660,1.355510,446.0000
2022-01-24 00:00:00+00,1.355540,1.356570,1.344040,1.348840,39489.0000
2022-01-25 00:00:00+00,1.348870,1.351880,1.343660,1.350970,35326.0000
2022-01-26 00:00:00+00,1.351000,1.352490,1.344490,1.346730,40707.0000
2022-01-27 00:00:00+00,1.346710,1.346720,1.335820,1.338740,42947.0000
2022-01-28 00:00:00+00,1.338780,1.343300,1.336540,1.340530,39408.0000
2022-01-30 00:00:00+00,1.339800,1.340490,1.338640,1.340270,1586.0000
2022-01-31 00:00:00+00,1.340240,1.346060,1.339320,1.344480,35232.0000
2022-02-01 00:00:00+00,1.344500,1.352860,1.343440,1.352490,30617.0000
2022-02-02 00:00:00+00,1.352460,1.358740,1.351700,1.356440,27467.0000
2022-02-03 00:00:00+00,1.356460,1.362800,1.353820,1.359810,49097.0000
2022-02-04 00:00:00+00,1.359790,1.361520,1.350480,1.353400,42810.0000
2022-02-06 00:00:00+00,1.353800,1.354980,1.353020,1.353280,460.0000
2022-02-07 00:00:00+00,1.353310,1.355100,1.349060,1.353730,31058.0000
2022-02-08 00:00:00+00,1.353760,1.356400,1.350770,1.354690,25701.0000
2022-02-09 00:00:00+00,1.354720,1.358950,1.352690,1.353280,22444.0000
2022-02-10 00:00:00+00,1.353250,1.364370,1.352340,1.354940,48931.0000
2022-02-11 00:00:00+00,1.354910,1.360960,1.351400,1.355920,57552.0000
2022-02-13 00:00:00+00,1.355840,1.357290,1.355140,1.356880,5610.0000
2022-02-14 00:00:00+00,1.356880,1.357220,1.349520,1.353260,229206.0000
2022-02-15 00:00:00+00,1.353260,1.356710,1.348650,1.354060,159665.0000
2022-02-16 00:00:00+00,1.354060,1.360610,1.353870,1.358140,164660.0000
2022-02-17 00:00:00+00,1.358140,1.363830,1.355580,1.361460,228805.0000
2022-02-18 00:00:00+00,1.361450,1.364300,1.357310,1.358740,170102.0000
2022-02-20 00:00:00+00,1.359690,1.360330,1.358740,1.359120,5072.0000
2022-02-21 00:00:00+00,1.359130,1.363860,1.358160,1.359520,160927.0000
2022-02-22 00:00:00+00,1.359520,1.360470,1.353850,1.358840,193022.0000
2022-02-23 00:00:00+00,1.358840,1.362070,1.353580,1.354480,170804.0000
2022-02-24 00:00:00+00,1.354500,1.354680,1.327300,1.337160,360496.0000
2022-02-25 00:00:00+00,1.337150,1.343900,1.336670,1.341370,213977.0000
2022-02-27 00:00:00+00,1.332700,1.337510,1.332320,1.337260,13563.0000
2022-02-28 00:00:00+00,1.337260,1.343180,1.334150,1.342230,215845.0000
2022-03-01 00:00:00+00,1.342220,1.343730,1.330250,1.333560,181528.0000
2022-03-02 00:00:00+00,1.333560,1.340700,1.327140,1.339660,229004.0000
2022-03-03 00:00:00+00,1.339660,1.341810,1.331740,1.335060,190927.0000
2022-03-04 00:00:00+00,1.335060,1.335220,1.320220,1.323750,224662.0000
2022-03-06 00:00:00+00,1.322980,1.324960,1.320190,1.321160,11204.0000
2022-03-07 00:00:00+00,1.321160,1.322880,1.310220,1.311380,291154.0000
2022-03-08 00:00:00+00,1.311380,1.314480,1.308200,1.309900,284869.0000
2022-03-09 00:00:00+00,1.309870,1.319000,1.309850,1.318480,212971.0000
2022-03-10 00:00:00+00,1.318480,1.319470,1.308160,1.310240,226835.0000
2022-03-11 00:00:00+00,1.310240,1.312520,1.302760,1.303700,212756.0000
2022-03-13 00:00:00+00,1.304350,1.305260,1.303080,1.304980,6767.0000
2022-03-14 00:00:00+00,1.304980,1.307920,1.300100,1.301010,184451.0000
2022-03-15 00:00:00+00,1.301000,1.308880,1.300040,1.304440,216325.0000
2022-03-16 00:00:00+00,1.304440,1.315660,1.303580,1.314040,227360.0000
2022-03-17 00:00:00+00,1.314030,1.321160,1.308760,1.315900,202429.0000
2022-03-18 00:00:00+00,1.315880,1.319700,1.311080,1.317780,172037.0000
2022-03-20 00:00:00+00,1.317790,1.318010,1.315900,1.315970,5950.0000
2022-03-21 00:00:00+00,1.315980,1.321020,1.312670,1.316940,142498.0000
2022-03-22 00:00:00+00,1.316920,1.327390,1.312000,1.326640,205745.0000
2022-03-23 00:00:00+00,1.326640,1.329880,1.317520,1.320520,158436.0000
2022-03-24 00:00:00+00,1.320520,1.321440,1.315690,1.319460,199029.0000
2022-03-25 00:00:00+00,1.319460,1.322510,1.315940,1.318040,188098.0000
2022-03-27 00:00:00+00,1.318380,1.318780,1.316860,1.317300,5108.0000
2022-03-28 00:00:00+00,1.317280,1.317670,1.306640,1.309940,215743.0000
2022-03-29 00:00:00+00,1.309940,1.316000,1.305100,1.309320,269374.0000
2022-03-30 00:00:00+00,1.309340,1.318270,1.308880,1.313720,229726.0000
2022-03-31 00:00:00+00,1.313730,1.317600,1.310600,1.314580,226382.0000
2022-04-01 00:00:00+00,1.314600,1.314740,1.308650,1.311460,176141.0000
2022-04-03 00:00:00+00,1.310000,1.311440,1.309820,1.310480,4636.0000
2022-04-04 00:00:00+00,1.310470,1.313730,1.309320,1.311280,155494.0000
2022-04-05 00:00:00+00,1.311280,1.316700,1.306680,1.307700,168186.0000
2022-04-06 00:00:00+00,1.307710,1.310840,1.304560,1.306950,202871.0000
2022-04-07 00:00:00+00,1.306960,1.310680,1.305170,1.306880,160201.0000
2022-04-08 00:00:00+00,1.306880,1.307740,1.298210,1.303580,131887.0000
2022-04-10 00:00:00+00,1.303790,1.304020,1.302930,1.303000,6035.0000
2022-04-11 00:00:00+00,1.302980,1.305680,1.298900,1.302300,172748.0000
2022-04-12 00:00:00+00,1.302310,1.305400,1.299390,1.300180,190625.0000
2022-04-13 00:00:00+00,1.300180,1.312360,1.297240,1.311900,165298.0000
2022-04-14 00:00:00+00,1.311910,1.314750,1.303360,1.306600,179085.0000
2022-04-15 00:00:00+00,1.306600,1.307440,1.304690,1.305760,288765.0000
2022-04-17 00:00:00+00,1.305480,1.306500,1.305040,1.305700,5740.0000
2022-04-18 00:00:00+00,1.305700,1.305790,1.300140,1.300780,102634.0000
2022-04-19 00:00:00+00,1.300760,1.304100,1.298070,1.301420,154762.0000
2022-04-20 00:00:00+00,1.301420,1.307410,1.299660,1.306840,161341.0000
2022-04-21 00:00:00+00,1.306840,1.309060,1.302250,1.302460,166425.0000
2022-04-22 00:00:00+00,1.302470,1.303320,1.282310,1.283840,184935.0000
2022-04-24 00:00:00+00,1.283700,1.284440,1.282610,1.282850,10351.0000
2022-04-25 00:00:00+00,1.282820,1.283020,1.269720,1.273770,242216.0000
2022-04-26 00:00:00+00,1.273760,1.277260,1.256000,1.258190,193010.0000
2022-04-27 00:00:00+00,1.258180,1.260200,1.250260,1.254010,195670.0000
2022-04-28 00:00:00+00,1.254010,1.257010,1.241120,1.246530,219417.0000
2022-04-29 00:00:00+00,1.246540,1.261460,1.246540,1.257590,194862.0000
2022-05-01 00:00:00+00,1.258480,1.258910,1.257000,1.257080,8931.0000
2022-05-02 00:00:00+00,1.257080,1.259760,1.247300,1.249960,171871.0000
2022-05-03 00:00:00+00,1.249940,1.256740,1.247060,1.249860,177505.0000
2022-05-04 00:00:00+00,1.249870,1.263840,1.245180,1.261650,224054.0000
2022-05-05 00:00:00+00,1.261660,1.263340,1.232500,1.236260,246048.0000
2022-05-06 00:00:00+00,1.236270,1.238060,1.227600,1.233520,265891.0000
2022-05-08 00:00:00+00,1.234800,1.234800,1.232470,1.232580,8922.0000
2022-05-09 00:00:00+00,1.232580,1.240620,1.226100,1.233580,211751.0000
2022-05-10 00:00:00+00,1.233590,1.237580,1.229140,1.230700,241448.0000
2022-05-11 00:00:00+00,1.230700,1.240060,1.223220,1.223360,260684.0000
2022-05-12 00:00:00+00,1.223360,1.224870,1.216530,1.220480,265628.0000
2022-05-13 00:00:00+00,1.220450,1.226280,1.215540,1.225960,175337.0000
2022-05-15 00:00:00+00,1.224320,1.226760,1.224100,1.225730,10573.0000
2022-05-16 00:00:00+00,1.225740,1.232960,1.221700,1.232560,178711.0000
2022-05-17 00:00:00+00,1.232540,1.249900,1.232060,1.248720,215734.0000
2022-05-18 00:00:00+00,1.248730,1.250130,1.233000,1.234400,179300.0000
2022-05-19 00:00:00+00,1.234440,1.252480,1.233780,1.246340,250287.0000
2022-05-20 00:00:00+00,1.246340,1.250040,1.243700,1.249180,184638.0000
2022-05-22 00:00:00+00,1.247950,1.250990,1.247950,1.250340,7242.0000
2022-05-23 00:00:00+00,1.250330,1.260100,1.250000,1.256700,169491.0000
2022-05-24 00:00:00+00,1.256710,1.259910,1.247160,1.254160,195431.0000
2022-05-25 00:00:00+00,1.254160,1.259480,1.248110,1.258620,194798.0000
2022-05-26 00:00:00+00,1.258620,1.262090,1.255190,1.261710,168207.0000
2022-05-27 00:00:00+00,1.261700,1.266700,1.258580,1.263160,147194.0000
2022-05-29 00:00:00+00,1.262480,1.263630,1.261980,1.262480,4345.0000
2022-05-30 00:00:00+00,1.262490,1.266000,1.261660,1.264620,119579.0000
2022-05-31 00:00:00+00,1.264630,1.264870,1.256040,1.260960,189276.0000
2022-06-01 00:00:00+00,1.260980,1.261680,1.245860,1.248370,170768.0000
2022-06-02 00:00:00+00,1.248360,1.258680,1.246940,1.257840,131592.0000
2022-06-03 00:00:00+00,1.257830,1.259000,1.248520,1.248840,118478.0000
2022-06-05 00:00:00+00,1.249230,1.250280,1.248770,1.249000,4927.0000
2022-06-06 00:00:00+00,1.249000,1.257770,1.247680,1.252380,137018.0000
2022-06-07 00:00:00+00,1.252340,1.259960,1.243030,1.258760,172535.0000
2022-06-08 00:00:00+00,1.258760,1.258930,1.251350,1.254060,172187.0000
2022-06-09 00:00:00+00,1.254060,1.255880,1.248640,1.249260,204942.0000
2022-06-10 00:00:00+00,1.249280,1.251780,1.230120,1.231700,206566.0000
2022-06-12 00:00:00+00,1.231880,1.232240,1.227170,1.227700,13432.0000
2022-06-13 00:00:00+00,1.227690,1.230100,1.210700,1.214230,277130.0000
2022-06-14 00:00:00+00,1.214220,1.220820,1.193410,1.201100,304219.0000
2022-06-15 00:00:00+00,1.201090,1.220500,1.198940,1.217490,240109.0000
2022-06-16 00:00:00+00,1.217470,1.240660,1.204120,1.235020,232400.0000
2022-06-17 00:00:00+00,1.235020,1.235290,1.217280,1.221540,179176.0000
2022-06-19 00:00:00+00,1.221880,1.223200,1.220800,1.222790,7490.0000
2022-06-20 00:00:00+00,1.222780,1.228050,1.219940,1.224860,123991.0000
2022-06-21 00:00:00+00,1.224840,1.232460,1.224490,1.226380,135972.0000
2022-06-22 00:00:00+00,1.226410,1.231460,1.216120,1.225250,174751.0000
2022-06-23 00:00:00+00,1.225200,1.229470,1.217030,1.226000,185274.0000
2022-06-24 00:00:00+00,1.225990,1.232100,1.224090,1.227560,138662.0000
2022-06-26 00:00:00+00,1.227180,1.229700,1.226690,1.228280,7276.0000
2022-06-27 00:00:00+00,1.228250,1.233260,1.223810,1.226640,154106.0000
2022-06-28 00:00:00+00,1.226650,1.229160,1.217520,1.218780,170731.0000
2022-06-29 00:00:00+00,1.218770,1.221300,1.210580,1.212920,185041.0000
2022-06-30 00:00:00+00,1.212920,1.218860,1.209220,1.216050,185823.0000
2022-07-01 00:00:00+00,1.216050,1.216150,1.197610,1.209060,180630.0000
2022-07-03 00:00:00+00,1.210160,1.212320,1.209910,1.209980,7692.0000
2022-07-04 00:00:00+00,1.209980,1.216530,1.208480,1.211330,127788.0000
2022-07-05 00:00:00+00,1.211330,1.212560,1.189880,1.195120,190273.0000
2022-07-06 00:00:00+00,1.195080,1.198950,1.187600,1.192220,226833.0000
2022-07-07 00:00:00+00,1.192250,1.203380,1.190900,1.202920,180475.0000
2022-07-08 00:00:00+00,1.202950,1.205640,1.191950,1.203280,179752.0000
2022-07-10 00:00:00+00,1.201490,1.203730,1.201460,1.201720,6236.0000
2022-07-11 00:00:00+00,1.201800,1.202000,1.186670,1.189930,176915.0000
2022-07-12 00:00:00+00,1.189900,1.191610,1.180750,1.187830,194967.0000
2022-07-13 00:00:00+00,1.187760,1.196760,1.182740,1.186400,220521.0000
2022-07-14 00:00:00+00,1.186420,1.188440,1.176030,1.184090,223405.0000
2022-07-15 00:00:00+00,1.184080,1.187480,1.180440,1.186900,180892.0000
2022-07-17 00:00:00+00,1.186980,1.189100,1.186290,1.189040,7197.0000
2022-07-18 00:00:00+00,1.189030,1.203340,1.187440,1.194900,158902.0000
2022-07-19 00:00:00+00,1.194900,1.204580,1.192520,1.200220,174588.0000
2022-07-20 00:00:00+00,1.200220,1.203780,1.195340,1.196780,180842.0000
2022-07-21 00:00:00+00,1.196780,1.200380,1.188990,1.199540,215694.0000
2022-07-22 00:00:00+00,1.199520,1.206420,1.191620,1.200820,199999.0000
2022-07-24 00:00:00+00,1.201750,1.201780,1.198520,1.198560,6206.0000
2022-07-25 00:00:00+00,1.198580,1.208680,1.196060,1.205390,161718.0000
2022-07-26 00:00:00+00,1.205400,1.209040,1.196380,1.203550,157459.0000
2022-07-27 00:00:00+00,1.203560,1.218620,1.202080,1.216230,185110.0000
2022-07-28 00:00:00+00,1.216250,1.219140,1.210340,1.217280,195864.0000
2022-07-29 00:00:00+00,1.217300,1.224560,1.206320,1.218420,191447.0000
2022-07-31 00:00:00+00,1.217360,1.218340,1.215740,1.216790,6697.0000
2022-08-01 00:00:00+00,1.216800,1.229380,1.216290,1.225700,157399.0000
2022-08-02 00:00:00+00,1.225740,1.227980,1.214070,1.214360,210239.0000
2022-08-03 00:00:00+00,1.214320,1.220800,1.210000,1.213790,168024.0000
2022-08-04 00:00:00+00,1.213780,1.221800,1.206540,1.215860,158239.0000
2022-08-05 00:00:00+00,1.215880,1.216920,1.200340,1.206900,149721.0000
2022-08-07 00:00:00+00,1.206920,1.207100,1.205740,1.206110,5191.0000
2022-08-08 00:00:00+00,1.206100,1.213790,1.204760,1.208540,124480.0000
2022-08-09 00:00:00+00,1.208560,1.213060,1.206300,1.207170,120433.0000
2022-08-10 00:00:00+00,1.207150,1.227700,1.206520,1.221080,165678.0000
2022-08-11 00:00:00+00,1.221080,1.224940,1.218220,1.219480,164688.0000
2022-08-12 00:00:00+00,1.219510,1.221700,1.209960,1.213620,140056.0000
2022-08-14 00:00:00+00,1.213530,1.213980,1.212640,1.212700,4341.0000
2022-08-15 00:00:00+00,1.212740,1.214840,1.205050,1.205670,127679.0000
2022-08-16 00:00:00+00,1.205650,1.211800,1.200780,1.209480,139846.0000
2022-08-17 00:00:00+00,1.209440,1.214380,1.202820,1.204560,159357.0000
2022-08-18 00:00:00+00,1.204580,1.207970,1.192280,1.193060,154647.0000
2022-08-19 00:00:00+00,1.193040,1.193340,1.179200,1.182910,127748.0000
2022-08-21 00:00:00+00,1.183650,1.183650,1.181120,1.181920,6046.0000
2022-08-22 00:00:00+00,1.181920,1.183700,1.174200,1.176580,129859.0000
2022-08-23 00:00:00+00,1.176590,1.187820,1.171720,1.183010,157632.0000
2022-08-24 00:00:00+00,1.182980,1.183570,1.175570,1.179060,149375.0000
2022-08-25 00:00:00+00,1.179040,1.186480,1.178360,1.182320,151345.0000
2022-08-26 00:00:00+00,1.182280,1.190150,1.173380,1.174570,157191.0000
2022-08-28 00:00:00+00,1.173460,1.173680,1.168430,1.168840,8541.0000
2022-08-29 00:00:00+00,1.168840,1.174440,1.164860,1.172160,152523.0000
2022-08-30 00:00:00+00,1.172140,1.176080,1.162140,1.165830,183319.0000
2022-08-31 00:00:00+00,1.165840,1.169420,1.159360,1.159720,186445.0000
2022-09-01 00:00:00+00,1.159720,1.161680,1.149860,1.154750,177160.0000
2022-09-02 00:00:00+00,1.154710,1.158890,1.149620,1.151180,169714.0000
2022-09-04 00:00:00+00,1.149040,1.149680,1.146640,1.147320,10583.0000
2022-09-05 00:00:00+00,1.147300,1.156690,1.144360,1.156480,131410.0000
2022-09-06 00:00:00+00,1.156600,1.160960,1.149380,1.151060,196007.0000
2022-09-07 00:00:00+00,1.151060,1.154140,1.140520,1.152240,183174.0000
2022-09-08 00:00:00+00,1.152260,1.156100,1.146050,1.152040,215752.0000
2022-09-09 00:00:00+00,1.152040,1.164810,1.151560,1.159110,168953.0000
2022-09-11 00:00:00+00,1.163520,1.163840,1.160280,1.162040,9008.0000
2022-09-12 00:00:00+00,1.162020,1.171080,1.160080,1.168920,153231.0000
2022-09-13 00:00:00+00,1.168920,1.173840,1.148200,1.150270,183158.0000
2022-09-14 00:00:00+00,1.150250,1.159000,1.148020,1.154480,192861.0000
2022-09-15 00:00:00+00,1.154440,1.154820,1.145100,1.145200,156413.0000
2022-09-16 00:00:00+00,1.145230,1.148080,1.135080,1.141960,167892.0000
2022-09-18 00:00:00+00,1.141720,1.144160,1.141280,1.143460,7564.0000
2022-09-19 00:00:00+00,1.143460,1.144580,1.135540,1.144490,121325.0000
2022-09-20 00:00:00+00,1.144480,1.146080,1.135740,1.138080,166727.0000
2022-09-21 00:00:00+00,1.138080,1.138510,1.123680,1.125720,212175.0000
2022-09-22 00:00:00+00,1.125790,1.136470,1.121190,1.126270,252235.0000
2022-09-23 00:00:00+00,1.126240,1.127410,1.083940,1.084840,239809.0000
2022-09-25 00:00:00+00,1.079900,1.084640,1.078030,1.079330,19914.0000
2022-09-26 00:00:00+00,1.079310,1.093060,1.035950,1.076650,438313.0000
2022-09-27 00:00:00+00,1.076710,1.083840,1.065890,1.072660,292052.0000
2022-09-28 00:00:00+00,1.072650,1.091640,1.053940,1.083040,376520.0000
2022-09-29 00:00:00+00,1.083060,1.120300,1.076230,1.117120,335855.0000
2022-09-30 00:00:00+00,1.117120,1.123480,1.102520,1.116840,318105.0000
2022-10-02 00:00:00+00,1.117000,1.119470,1.112810,1.113520,12393.0000
2022-10-03 00:00:00+00,1.113570,1.134180,1.108600,1.133820,253761.0000
2022-10-04 00:00:00+00,1.133840,1.149020,1.128080,1.145060,275415.0000
2022-10-05 00:00:00+00,1.145060,1.149580,1.122690,1.135620,273518.0000
2022-10-06 00:00:00+00,1.135700,1.138330,1.111280,1.116140,291764.0000
2022-10-07 00:00:00+00,1.116140,1.122520,1.105530,1.109560,252299.0000
2022-10-09 00:00:00+00,1.108720,1.109470,1.106170,1.107290,16503.0000
2022-10-10 00:00:00+00,1.107320,1.111180,1.101980,1.107920,226517.0000
2022-10-11 00:00:00+00,1.107970,1.118030,1.095280,1.096440,295194.0000
2022-10-12 00:00:00+00,1.096460,1.113410,1.092340,1.110100,293450.0000
2022-10-13 00:00:00+00,1.110060,1.138080,1.105760,1.130190,296878.0000
2022-10-14 00:00:00+00,1.130180,1.136710,1.115170,1.117980,300556.0000
2022-10-16 00:00:00+00,1.123690,1.124860,1.120000,1.124140,15221.0000
2022-10-17 00:00:00+00,1.124100,1.144000,1.121620,1.135250,264742.0000
2022-10-18 00:00:00+00,1.135240,1.141190,1.125550,1.134240,271420.0000
2022-10-19 00:00:00+00,1.134210,1.135100,1.118520,1.120680,256181.0000
2022-10-20 00:00:00+00,1.120680,1.133660,1.117140,1.122180,300832.0000
2022-10-21 00:00:00+00,1.122220,1.131520,1.106060,1.129720,317049.0000
2022-10-23 00:00:00+00,1.138400,1.140840,1.130730,1.133600,36485.0000
2022-10-24 00:00:00+00,1.133590,1.138280,1.125770,1.130620,269312.0000
2022-10-25 00:00:00+00,1.130660,1.149960,1.127100,1.145920,221036.0000
2022-10-26 00:00:00+00,1.145880,1.164060,1.143070,1.163930,266211.0000
2022-10-27 00:00:00+00,1.163920,1.164570,1.154920,1.156480,284112.0000
2022-10-28 00:00:00+00,1.156480,1.162390,1.150420,1.161350,240855.0000
2022-10-30 00:00:00+00,1.159010,1.160670,1.158080,1.159510,11640.0000
2022-10-31 00:00:00+00,1.159480,1.161360,1.146030,1.146780,197432.0000
2022-11-01 00:00:00+00,1.146780,1.156620,1.143730,1.148840,237918.0000
2022-11-02 00:00:00+00,1.148840,1.156500,1.137540,1.138360,259739.0000
2022-11-03 00:00:00+00,1.138360,1.142240,1.114970,1.117050,250592.0000
2022-11-04 00:00:00+00,1.117040,1.138230,1.114680,1.137490,267462.0000
2022-11-06 00:00:00+00,1.131340,1.134220,1.130740,1.133080,9831.0000
2022-11-07 00:00:00+00,1.133080,1.154160,1.129040,1.151280,225698.0000
2022-11-08 00:00:00+00,1.151260,1.159960,1.142990,1.155160,201897.0000
2022-11-09 00:00:00+00,1.155190,1.156750,1.133400,1.136820,275980.0000
2022-11-10 00:00:00+00,1.136820,1.173180,1.136310,1.169420,287215.0000
2022-11-11 00:00:00+00,1.169420,1.185500,1.164740,1.183500,278174.0000
2022-11-13 00:00:00+00,1.181300,1.181300,1.176740,1.179680,12421.0000
2022-11-14 00:00:00+00,1.179620,1.182920,1.170990,1.175140,252084.0000
2022-11-15 00:00:00+00,1.175140,1.202980,1.174080,1.187940,314537.0000
2022-11-16 00:00:00+00,1.187940,1.194220,1.183170,1.191400,277214.0000
2022-11-17 00:00:00+00,1.191400,1.195810,1.176280,1.185880,255316.0000
2022-11-18 00:00:00+00,1.185870,1.195100,1.185840,1.188410,221127.0000
2022-11-20 00:00:00+00,1.189900,1.190040,1.188030,1.188490,6830.0000
2022-11-21 00:00:00+00,1.188510,1.188660,1.177880,1.182700,209479.0000
2022-11-22 00:00:00+00,1.182700,1.190300,1.182220,1.189420,196057.0000
2022-11-23 00:00:00+00,1.189420,1.208080,1.187290,1.207710,222129.0000
2022-11-24 00:00:00+00,1.207710,1.215370,1.205870,1.211250,180484.0000
2022-11-25 00:00:00+00,1.211220,1.212790,1.205820,1.209470,193577.0000
2022-11-27 00:00:00+00,1.207680,1.207680,1.205140,1.205420,7621.0000
2022-11-28 00:00:00+00,1.205440,1.211840,1.194050,1.195980,224257.0000
2022-11-29 00:00:00+00,1.195980,1.206460,1.194170,1.194640,244371.0000
2022-11-30 00:00:00+00,1.194640,1.208890,1.190050,1.207530,263127.0000
2022-12-01 00:00:00+00,1.207530,1.231100,1.206980,1.225850,265951.0000
2022-12-02 00:00:00+00,1.225830,1.230000,1.213460,1.229500,238735.0000
2022-12-04 00:00:00+00,1.227890,1.229720,1.226790,1.229620,5680.0000
2022-12-05 00:00:00+00,1.229620,1.234460,1.216180,1.219260,214322.0000
2022-12-06 00:00:00+00,1.219260,1.226960,1.212700,1.213300,207508.0000
2022-12-07 00:00:00+00,1.213300,1.223470,1.210660,1.221000,231699.0000
2022-12-08 00:00:00+00,1.221000,1.224740,1.215480,1.223440,198843.0000
2022-12-09 00:00:00+00,1.223350,1.232270,1.220520,1.226270,215567.0000
2022-12-11 00:00:00+00,1.225930,1.226830,1.223300,1.223540,3568.0000
2022-12-12 00:00:00+00,1.223540,1.229900,1.220700,1.226910,182598.0000
2022-12-13 00:00:00+00,1.226900,1.244400,1.224870,1.235460,255719.0000
2022-12-14 00:00:00+00,1.235440,1.244680,1.234210,1.241900,252240.0000
2022-12-15 00:00:00+00,1.241900,1.242580,1.215670,1.219100,242147.0000
2022-12-16 00:00:00+00,1.219100,1.222360,1.211980,1.213540,229360.0000
2022-12-18 00:00:00+00,1.215890,1.217010,1.215480,1.215930,5912.0000
2022-12-19 00:00:00+00,1.215940,1.224200,1.212080,1.215460,198090.0000
2022-12-20 00:00:00+00,1.215460,1.222400,1.208560,1.218840,279214.0000
2022-12-21 00:00:00+00,1.218860,1.219020,1.205540,1.207680,202670.0000
2022-12-22 00:00:00+00,1.207680,1.214760,1.199240,1.203820,215070.0000
2022-12-23 00:00:00+00,1.203800,1.209020,1.201870,1.205120,185472.0000
2022-12-26 00:00:00+00,1.205750,1.209280,1.205750,1.208250,6111.0000
2022-12-27 00:00:00+00,1.208250,1.211260,1.200250,1.202650,159632.0000
2022-12-28 00:00:00+00,1.202640,1.212580,1.200220,1.202810,184114.0000
2022-12-29 00:00:00+00,1.202810,1.207880,1.201460,1.205540,166046.0000
2022-12-30 00:00:00+00,1.205550,1.210760,1.201000,1.209780,185380.0000
2023-01-01 00:00:00+00,1.207630,1.210260,1.206770,1.210130,47.0000
2023-01-02 00:00:00+00,1.210020,1.210600,1.203460,1.206300,53742.0000
2023-01-03 00:00:00+00,1.206260,1.208500,1.190020,1.196610,229765.0000
2023-01-04 00:00:00+00,1.196600,1.208780,1.196540,1.205620,225053.0000
2023-01-05 00:00:00+00,1.205620,1.207820,1.187360,1.190910,220994.0000
2023-01-06 00:00:00+00,1.190920,1.209950,1.184130,1.209260,232261.0000
2023-01-08 00:00:00+00,1.208890,1.212090,1.208590,1.212020,5472.0000
2023-01-09 00:00:00+00,1.212020,1.221000,1.209360,1.218400,198632.0000
2023-01-10 00:00:00+00,1.218420,1.219830,1.211000,1.215370,203876.0000
2023-01-11 00:00:00+00,1.215360,1.217860,1.210040,1.215810,187597.0000
2023-01-12 00:00:00+00,1.215840,1.224700,1.208880,1.221680,247222.0000
2023-01-13 00:00:00+00,1.221720,1.224880,1.215040,1.222410,206598.0000
2023-01-15 00:00:00+00,1.222000,1.223420,1.221200,1.222380,8000.0000
2023-01-16 00:00:00+00,1.222380,1.228920,1.217160,1.220850,156560.0000
2023-01-17 00:00:00+00,1.220840,1.230080,1.216940,1.228360,223650.0000
2023-01-18 00:00:00+00,1.228340,1.243600,1.225440,1.234660,265344.0000
2023-01-19 00:00:00+00,1.234680,1.239820,1.231320,1.239220,214327.0000
2023-01-20 00:00:00+00,1.239220,1.240460,1.233540,1.239810,179090.0000
2023-01-22 00:00:00+00,1.240220,1.241480,1.239910,1.240630,3883.0000
2023-01-23 00:00:00+00,1.240640,1.244820,1.232360,1.237920,176337.0000
2023-01-24 00:00:00+00,1.237920,1.241380,1.226320,1.233180,179111.0000
2023-01-25 00:00:00+00,1.233180,1.241880,1.228320,1.241020,169729.0000
2023-01-26 00:00:00+00,1.241020,1.243070,1.234490,1.241420,173542.0000
2023-01-27 00:00:00+00,1.241440,1.241880,1.234520,1.239180,150785.0000
2023-01-29 00:00:00+00,1.239310,1.240140,1.237730,1.240080,3583.0000
2023-01-30 00:00:00+00,1.240080,1.241740,1.233690,1.235010,173540.0000
2023-01-31 00:00:00+00,1.235020,1.237140,1.228440,1.230820,171327.0000
2023-02-01 00:00:00+00,1.230820,1.240180,1.227220,1.238760,191202.0000
2023-02-02 00:00:00+00,1.238760,1.240070,1.221980,1.222100,224448.0000
2023-02-03 00:00:00+00,1.222080,1.226560,1.204760,1.205400,203532.0000
2023-02-05 00:00:00+00,1.203600,1.205740,1.203430,1.204330,6687.0000
2023-02-06 00:00:00+00,1.204320,1.207760,1.200570,1.202620,164202.0000
2023-02-07 00:00:00+00,1.202640,1.209540,1.196120,1.205420,211971.0000
2023-02-08 00:00:00+00,1.205420,1.210980,1.203860,1.207050,167419.0000
2023-02-09 00:00:00+00,1.207040,1.219400,1.205680,1.211570,172380.0000
2023-02-10 00:00:00+00,1.211590,1.213980,1.204720,1.205850,186560.0000
2023-02-12 00:00:00+00,1.206720,1.206840,1.204670,1.205120,3131.0000
2023-02-13 00:00:00+00,1.205120,1.215260,1.203080,1.215020,153804.0000
2023-02-14 00:00:00+00,1.215000,1.227030,1.211700,1.217400,233770.0000
2023-02-15 00:00:00+00,1.217440,1.218180,1.198960,1.203720,189465.0000
2023-02-16 00:00:00+00,1.203740,1.207420,1.196520,1.197400,209820.0000
2023-02-17 00:00:00+00,1.197410,1.204960,1.191510,1.204200,173074.0000
2023-02-19 00:00:00+00,1.202960,1.203870,1.202550,1.202920,10276.0000
2023-02-20 00:00:00+00,1.202920,1.205700,1.201450,1.203830,130274.0000
2023-02-21 00:00:00+00,1.203830,1.214780,1.198610,1.210920,197223.0000
2023-02-22 00:00:00+00,1.210910,1.213570,1.203460,1.204700,188229.0000
2023-02-23 00:00:00+00,1.204700,1.207520,1.199220,1.201680,178239.0000
2023-02-24 00:00:00+00,1.201680,1.204200,1.192820,1.194000,184025.0000
2023-02-26 00:00:00+00,1.195280,1.195660,1.194250,1.194980,4881.0000
2023-02-27 00:00:00+00,1.194980,1.206780,1.192250,1.206250,163265.0000
2023-02-28 00:00:00+00,1.206240,1.214340,1.201280,1.203310,177737.0000
2023-03-01 00:00:00+00,1.203320,1.208930,1.196510,1.202690,182440.0000
2023-03-02 00:00:00+00,1.202690,1.203680,1.192440,1.194990,182344.0000
2023-03-03 00:00:00+00,1.194960,1.204880,1.194840,1.204370,149021.0000
2023-03-05 00:00:00+00,1.203580,1.203900,1.202740,1.202810,3685.0000
2023-03-06 00:00:00+00,1.202820,1.204920,1.199280,1.202520,138316.0000
2023-03-07 00:00:00+00,1.202510,1.206530,1.182140,1.182720,179838.0000
2023-03-08 00:00:00+00,1.182720,1.185980,1.180320,1.184940,150585.0000
2023-03-09 00:00:00+00,1.184940,1.193910,1.183180,1.192340,144940.0000
2023-03-10 00:00:00+00,1.192320,1.211370,1.190780,1.203300,230512.0000
2023-03-12 00:00:00+00,1.207760,1.210420,1.207140,1.207600,18678.0000
2023-03-13 00:00:00+00,1.207610,1.220000,1.204650,1.216700,297343.0000
2023-03-14 00:00:00+00,1.216700,1.220400,1.213570,1.215060,246136.0000
2023-03-15 00:00:00+00,1.215130,1.218200,1.201030,1.206700,269400.0000
2023-03-16 00:00:00+00,1.206690,1.212810,1.202720,1.211010,237173.0000
2023-03-17 00:00:00+00,1.210990,1.220080,1.210180,1.218220,169116.0000
2023-03-19 00:00:00+00,1.221350,1.221380,1.217780,1.218720,11121.0000
2023-03-20 00:00:00+00,1.218700,1.228510,1.216710,1.227440,179752.0000
2023-03-21 00:00:00+00,1.227440,1.228280,1.217870,1.222520,123076.0000
2023-03-22 00:00:00+00,1.222520,1.233540,1.220870,1.227780,163719.0000
2023-03-23 00:00:00+00,1.227800,1.234380,1.226160,1.228080,164569.0000
2023-03-24 00:00:00+00,1.228060,1.228880,1.219040,1.223080,154509.0000
2023-03-26 00:00:00+00,1.223450,1.225000,1.222990,1.224500,6931.0000
2023-03-27 00:00:00+00,1.224520,1.229860,1.221900,1.229640,127987.0000
2023-03-28 00:00:00+00,1.229640,1.234940,1.228110,1.233020,111369.0000
2023-03-29 00:00:00+00,1.233040,1.236180,1.230260,1.231000,129495.0000
2023-03-30 00:00:00+00,1.231020,1.239290,1.229380,1.238670,123727.0000
2023-03-31 00:00:00+00,1.238610,1.242330,1.232450,1.233040,121734.0000
2023-04-02 00:00:00+00,1.232900,1.233330,1.228420,1.228640,9361.0000
2023-04-03 00:00:00+00,1.228650,1.242540,1.227460,1.242010,126243.0000
2023-04-04 00:00:00+00,1.242050,1.252540,1.239500,1.249880,131874.0000
2023-04-05 00:00:00+00,1.249890,1.251460,1.243270,1.246260,116740.0000
2023-04-06 00:00:00+00,1.246280,1.248720,1.241260,1.243840,102310.0000
2023-04-07 00:00:00+00,1.243840,1.245600,1.238920,1.242050,70588.0000
2023-04-09 00:00:00+00,1.242480,1.243180,1.242000,1.243100,4519.0000
2023-04-10 00:00:00+00,1.243120,1.244280,1.234440,1.239160,86268.0000
2023-04-11 00:00:00+00,1.239140,1.245680,1.238670,1.242960,113042.0000
2023-04-12 00:00:00+00,1.242980,1.249560,1.239840,1.249200,123380.0000
2023-04-13 00:00:00+00,1.249180,1.253760,1.247820,1.252460,116111.0000
2023-04-14 00:00:00+00,1.252480,1.254690,1.239940,1.241450,125965.0000
2023-04-16 00:00:00+00,1.241240,1.241980,1.239780,1.240160,3975.0000
2023-04-17 00:00:00+00,1.240160,1.243840,1.235330,1.237360,118272.0000
2023-04-18 00:00:00+00,1.237420,1.245020,1.236770,1.242470,110379.0000
2023-04-19 00:00:00+00,1.242460,1.247460,1.239220,1.242840,112815.0000
2023-04-20 00:00:00+00,1.242850,1.246810,1.240520,1.244040,107660.0000
2023-04-21 00:00:00+00,1.244030,1.244830,1.236690,1.244240,110636.0000
2023-04-23 00:00:00+00,1.244380,1.245240,1.243960,1.244750,2664.0000
2023-04-24 00:00:00+00,1.244760,1.250000,1.241080,1.249900,104910.0000
2023-04-25 00:00:00+00,1.249920,1.250740,1.238680,1.241420,118206.0000
2023-04-26 00:00:00+00,1.241460,1.251560,1.240280,1.247060,135817.0000
2023-04-27 00:00:00+00,1.247070,1.249990,1.243640,1.249700,133304.0000
2023-04-28 00:00:00+00,1.249700,1.258420,1.244660,1.256780,143199.0000
2023-04-30 00:00:00+00,1.256340,1.257060,1.255640,1.255820,5773.0000
2023-05-01 00:00:00+00,1.255820,1.256940,1.248060,1.248460,105206.0000
2023-05-02 00:00:00+00,1.248460,1.251260,1.243550,1.247660,136443.0000
2023-05-03 00:00:00+00,1.247680,1.259080,1.246810,1.256900,141716.0000
2023-05-04 00:00:00+00,1.256930,1.259890,1.254810,1.258300,158132.0000
2023-05-05 00:00:00+00,1.258300,1.265270,1.255990,1.263170,112096.0000
2023-05-07 00:00:00+00,1.263560,1.263620,1.262530,1.263000,4909.0000
2023-05-08 00:00:00+00,1.263000,1.266900,1.261090,1.261260,88403.0000
2023-05-09 00:00:00+00,1.261240,1.264020,1.257820,1.262420,107035.0000
2023-05-10 00:00:00+00,1.262380,1.268000,1.260240,1.262570,108753.0000
2023-05-11 00:00:00+00,1.262580,1.264100,1.249680,1.250770,128367.0000
2023-05-12 00:00:00+00,1.250770,1.254100,1.244490,1.244820,100362.0000
2023-05-14 00:00:00+00,1.245860,1.246020,1.244500,1.245140,5196.0000
2023-05-15 00:00:00+00,1.245140,1.253480,1.244540,1.252500,87508.0000
2023-05-16 00:00:00+00,1.252500,1.254670,1.246530,1.248440,101899.0000
2023-05-17 00:00:00+00,1.248440,1.251060,1.242180,1.248240,108574.0000
2023-05-18 00:00:00+00,1.248240,1.249300,1.239180,1.241180,108846.0000
2023-05-19 00:00:00+00,1.241180,1.248440,1.239220,1.244520,119391.0000
2023-05-21 00:00:00+00,1.244560,1.246150,1.244560,1.246100,3320.0000
2023-05-22 00:00:00+00,1.246110,1.247250,1.241380,1.243420,112986.0000
2023-05-23 00:00:00+00,1.243420,1.244680,1.237320,1.241630,117754.0000
2023-05-24 00:00:00+00,1.241640,1.246990,1.235780,1.237020,131884.0000
2023-05-25 00:00:00+00,1.236980,1.238700,1.230810,1.231660,119764.0000
2023-05-26 00:00:00+00,1.231660,1.239540,1.231100,1.234680,113763.0000
2023-05-28 00:00:00+00,1.234440,1.235270,1.233880,1.234540,4286.0000
2023-05-29 00:00:00+00,1.234540,1.237220,1.233560,1.234770,56204.0000
2023-05-30 00:00:00+00,1.234710,1.244680,1.232720,1.241240,110979.0000
2023-05-31 00:00:00+00,1.241240,1.244980,1.234800,1.244520,123231.0000
2023-06-01 00:00:00+00,1.244520,1.254000,1.240080,1.252660,118192.0000
2023-06-02 00:00:00+00,1.252680,1.254480,1.244160,1.245040,103941.0000
2023-06-04 00:00:00+00,1.245800,1.245800,1.242700,1.243040,4394.0000
2023-06-05 00:00:00+00,1.243040,1.244370,1.236840,1.243240,101219.0000
2023-06-06 00:00:00+00,1.243220,1.245900,1.239160,1.242960,97738.0000
2023-06-07 00:00:00+00,1.242960,1.250000,1.239530,1.244460,102362.0000
2023-06-08 00:00:00+00,1.244450,1.256390,1.244160,1.255830,100427.0000
2023-06-09 00:00:00+00,1.255860,1.259040,1.253400,1.258040,92432.0000
2023-06-11 00:00:00+00,1.256920,1.258490,1.256840,1.257980,3516.0000
2023-06-12 00:00:00+00,1.258000,1.259980,1.248700,1.251480,85223.0000
2023-06-13 00:00:00+00,1.251480,1.262500,1.251360,1.260660,116608.0000
2023-06-14 00:00:00+00,1.260660,1.269930,1.260080,1.267120,114604.0000
2023-06-15 00:00:00+00,1.267100,1.279080,1.262960,1.278500,107641.0000
2023-06-16 00:00:00+00,1.278480,1.284860,1.276840,1.282320,99696.0000
2023-06-18 00:00:00+00,1.282240,1.283310,1.282180,1.283110,3803.0000
2023-06-19 00:00:00+00,1.283120,1.283740,1.277080,1.279330,79754.0000
2023-06-20 00:00:00+00,1.279330,1.280660,1.271380,1.276570,118208.0000
2023-06-21 00:00:00+00,1.276570,1.280260,1.269120,1.277060,136745.0000
2023-06-22 00:00:00+00,1.277080,1.284360,1.272540,1.274670,125846.0000
2023-06-23 00:00:00+00,1.274660,1.274940,1.268520,1.271600,122533.0000
2023-06-25 00:00:00+00,1.271160,1.273140,1.271150,1.272920,5324.0000
2023-06-26 00:00:00+00,1.272930,1.274880,1.268820,1.271070,105023.0000
2023-06-27 00:00:00+00,1.271080,1.275960,1.270340,1.274580,114508.0000
2023-06-28 00:00:00+00,1.274590,1.275220,1.260660,1.264200,117421.0000
2023-06-29 00:00:00+00,1.264220,1.266680,1.259100,1.261360,110019.0000
2023-06-30 00:00:00+00,1.261360,1.272800,1.259940,1.269760,108141.0000
2023-07-02 00:00:00+00,1.269580,1.270640,1.269260,1.269380,2666.0000
2023-07-03 00:00:00+00,1.269380,1.272360,1.265860,1.269240,91692.0000
2023-07-04 00:00:00+00,1.269250,1.273940,1.268360,1.271750,67110.0000
2023-07-05 00:00:00+00,1.271750,1.273560,1.268800,1.270430,93573.0000
2023-07-06 00:00:00+00,1.270450,1.278120,1.267340,1.274170,115506.0000
2023-07-07 00:00:00+00,1.274160,1.284960,1.272580,1.283940,103074.0000
2023-07-09 00:00:00+00,1.283540,1.284180,1.283140,1.283770,3709.0000
2023-07-10 00:00:00+00,1.283800,1.286840,1.275040,1.286380,85822.0000
2023-07-11 00:00:00+00,1.286410,1.293960,1.285800,1.293380,92095.0000
2023-07-12 00:00:00+00,1.293380,1.300060,1.290420,1.299600,109159.0000
2023-07-13 00:00:00+00,1.299610,1.314120,1.298410,1.312820,109488.0000
2023-07-14 00:00:00+00,1.312820,1.314240,1.308940,1.309330,101534.0000
2023-07-16 00:00:00+00,1.310140,1.310240,1.308580,1.308930,3549.0000
2023-07-17 00:00:00+00,1.308930,1.310910,1.305100,1.307180,94307.0000
2023-07-18 00:00:00+00,1.307190,1.312600,1.302820,1.303340,125108.0000
2023-07-19 00:00:00+00,1.303340,1.303900,1.286760,1.293710,127211.0000
2023-07-20 00:00:00+00,1.293730,1.296480,1.283980,1.287260,109750.0000
2023-07-21 00:00:00+00,1.287270,1.290460,1.281600,1.285270,104949.0000
2023-07-23 00:00:00+00,1.285350,1.285820,1.284800,1.285260,3218.0000
2023-07-24 00:00:00+00,1.285260,1.288400,1.279770,1.281210,114820.0000
2023-07-25 00:00:00+00,1.281220,1.290480,1.280960,1.289360,102901.0000
2023-07-26 00:00:00+00,1.289350,1.296080,1.287540,1.292690,128809.0000
2023-07-27 00:00:00+00,1.292680,1.299590,1.278190,1.279320,148251.0000
2023-07-28 00:00:00+00,1.279320,1.288850,1.276320,1.284880,143229.0000
2023-07-30 00:00:00+00,1.285080,1.285920,1.284880,1.285380,5241.0000
2023-07-31 00:00:00+00,1.285360,1.287290,1.282820,1.283160,108420.0000
2023-08-01 00:00:00+00,1.283160,1.283880,1.274120,1.279490,110575.0000
2023-08-02 00:00:00+00,1.279480,1.279900,1.268040,1.271880,125310.0000
2023-08-03 00:00:00+00,1.271870,1.272840,1.262050,1.271560,138073.0000
2023-08-04 00:00:00+00,1.271560,1.279220,1.268280,1.275240,125647.0000
2023-08-06 00:00:00+00,1.275300,1.276250,1.274550,1.274900,4297.0000
2023-08-07 00:00:00+00,1.274900,1.278940,1.271310,1.278150,97149.0000
2023-08-08 00:00:00+00,1.278200,1.278560,1.268420,1.274360,120675.0000
2023-08-09 00:00:00+00,1.274390,1.278220,1.271190,1.271970,112217.0000
2023-08-10 00:00:00+00,1.271960,1.281900,1.266910,1.266990,133701.0000
2023-08-11 00:00:00+00,1.266990,1.273900,1.266600,1.269460,128107.0000
2023-08-13 00:00:00+00,1.270050,1.270760,1.268660,1.269420,4149.0000
2023-08-14 00:00:00+00,1.269420,1.271480,1.261660,1.268570,122396.0000
2023-08-15 00:00:00+00,1.268560,1.275260,1.267500,1.270060,148910.0000
2023-08-16 00:00:00+00,1.270060,1.276660,1.268720,1.272760,132244.0000
2023-08-17 00:00:00+00,1.272740,1.278760,1.270300,1.274750,133286.0000
2023-08-18 00:00:00+00,1.274780,1.276600,1.268920,1.273810,103132.0000
2023-08-20 00:00:00+00,1.273460,1.274170,1.273140,1.274160,4961.0000
2023-08-21 00:00:00+00,1.274100,1.276680,1.271040,1.275980,90470.0000
2023-08-22 00:00:00+00,1.275970,1.280080,1.271860,1.273120,93161.0000
2023-08-23 00:00:00+00,1.273120,1.276500,1.261480,1.272020,109526.0000
2023-08-24 00:00:00+00,1.272020,1.272880,1.258620,1.259260,99811.0000
2023-08-25 00:00:00+00,1.259260,1.265460,1.254790,1.257780,110639.0000
2023-08-27 00:00:00+00,1.258720,1.259000,1.257800,1.258940,3921.0000
2023-08-28 00:00:00+00,1.258930,1.261560,1.256580,1.261080,81093.0000
2023-08-29 00:00:00+00,1.261090,1.265500,1.256280,1.263560,110563.0000
2023-08-30 00:00:00+00,1.263600,1.274660,1.261900,1.271140,107896.0000
2023-08-31 00:00:00+00,1.271140,1.273460,1.265260,1.267100,108231.0000
2023-09-01 00:00:00+00,1.267100,1.271320,1.257740,1.258790,104092.0000
2023-09-03 00:00:00+00,1.259640,1.259770,1.258660,1.259120,2851.0000
2023-09-04 00:00:00+00,1.259100,1.264260,1.258780,1.262260,52549.0000
2023-09-05 00:00:00+00,1.262290,1.263210,1.252820,1.256980,102637.0000
2023-09-06 00:00:00+00,1.256980,1.258810,1.248200,1.249850,102199.0000
2023-09-07 00:00:00+00,1.249840,1.250860,1.244580,1.247560,90564.0000
2023-09-08 00:00:00+00,1.247570,1.251420,1.245130,1.246180,87807.0000
2023-09-10 00:00:00+00,1.247580,1.249270,1.246830,1.248860,4236.0000
2023-09-11 00:00:00+00,1.248880,1.254840,1.248200,1.250770,83223.0000
2023-09-12 00:00:00+00,1.250740,1.253060,1.245970,1.249140,84897.0000
2023-09-13 00:00:00+00,1.249140,1.251200,1.243480,1.248970,113386.0000
2023-09-14 00:00:00+00,1.248960,1.250640,1.239670,1.240080,109799.0000
2023-09-15 00:00:00+00,1.240090,1.244600,1.237880,1.238350,93200.0000
2023-09-17 00:00:00+00,1.238780,1.239760,1.238500,1.239730,1915.0000
2023-09-18 00:00:00+00,1.239740,1.241080,1.237040,1.238300,70192.0000
2023-09-19 00:00:00+00,1.238300,1.242500,1.237020,1.239320,79737.0000
2023-09-20 00:00:00+00,1.239320,1.242160,1.232420,1.232720,113985.0000
2023-09-21 00:00:00+00,1.232710,1.233170,1.223380,1.229290,103570.0000
2023-09-22 00:00:00+00,1.229280,1.229380,1.223070,1.223940,91492.0000
2023-09-24 00:00:00+00,1.225700,1.225700,1.223890,1.224110,12292.0000
2023-09-25 00:00:00+00,1.224100,1.225040,1.219390,1.221280,85999.0000
2023-09-26 00:00:00+00,1.221280,1.221520,1.214380,1.214600,95890.0000
2023-09-27 00:00:00+00,1.214630,1.216460,1.211040,1.213560,98516.0000
2023-09-28 00:00:00+00,1.213560,1.222460,1.212000,1.220440,103279.0000
2023-09-29 00:00:00+00,1.220440,1.227180,1.218030,1.220420,110874.0000
2023-10-01 00:00:00+00,1.219280,1.220890,1.218030,1.219300,4223.0000
2023-10-02 00:00:00+00,1.219300,1.221980,1.208440,1.209000,95850.0000
2023-10-03 00:00:00+00,1.209020,1.210180,1.205240,1.207740,114711.0000
2023-10-04 00:00:00+00,1.207700,1.217690,1.203720,1.213710,115407.0000
2023-10-05 00:00:00+00,1.213700,1.219600,1.210780,1.218740,110545.0000
2023-10-06 00:00:00+00,1.218740,1.226160,1.210600,1.223780,124726.0000
2023-10-08 00:00:00+00,1.220400,1.222160,1.220000,1.221960,6030.0000
2023-10-09 00:00:00+00,1.221980,1.225200,1.216320,1.224940,92749.0000
2023-10-10 00:00:00+00,1.224980,1.229480,1.221180,1.228950,117683.0000
2023-10-11 00:00:00+00,1.228940,1.233760,1.226920,1.231540,115867.0000
2023-10-12 00:00:00+00,1.231530,1.233160,1.217180,1.218260,113221.0000
2023-10-13 00:00:00+00,1.218270,1.222550,1.212260,1.214600,108315.0000
2023-10-15 00:00:00+00,1.214100,1.215780,1.213850,1.215470,3864.0000
2023-10-16 00:00:00+00,1.215480,1.221940,1.214280,1.221160,90397.0000
2023-10-17 00:00:00+00,1.221140,1.221600,1.213300,1.217830,103114.0000
2023-10-18 00:00:00+00,1.217820,1.221120,1.213720,1.214140,105229.0000
2023-10-19 00:00:00+00,1.214130,1.219200,1.208990,1.213520,124468.0000
2023-10-20 00:00:00+00,1.213520,1.217040,1.209330,1.216360,101138.0000
2023-10-22 00:00:00+00,1.215940,1.216660,1.215820,1.216340,2919.0000
2023-10-23 00:00:00+00,1.216300,1.225870,1.214330,1.224900,91603.0000
2023-10-24 00:00:00+00,1.224920,1.228880,1.215350,1.216240,102476.0000
2023-10-25 00:00:00+00,1.216240,1.217620,1.209490,1.210220,97588.0000
2023-10-26 00:00:00+00,1.210230,1.213960,1.206950,1.213640,103034.0000
2023-10-27 00:00:00+00,1.213590,1.216300,1.210560,1.212120,98928.0000
2023-10-29 00:00:00+00,1.212320,1.212920,1.211020,1.211280,3940.0000
2023-10-30 00:00:00+00,1.211290,1.217460,1.209030,1.216390,80773.0000
2023-10-31 00:00:00+00,1.216380,1.220080,1.211960,1.215060,103980.0000
2023-11-01 00:00:00+00,1.215040,1.218170,1.209580,1.218160,123327.0000
2023-11-02 00:00:00+00,1.218180,1.222580,1.215530,1.218920,104503.0000
2023-11-03 00:00:00+00,1.218940,1.238980,1.218460,1.237950,104744.0000
2023-11-05 00:00:00+00,1.237370,1.237840,1.236740,1.237200,2032.0000
2023-11-06 00:00:00+00,1.237200,1.242860,1.233840,1.234360,79865.0000
2023-11-07 00:00:00+00,1.234360,1.234740,1.226240,1.229110,88273.0000
2023-11-08 00:00:00+00,1.229100,1.230160,1.224180,1.228550,92279.0000
2023-11-09 00:00:00+00,1.228540,1.230880,1.221280,1.221630,107359.0000
2023-11-10 00:00:00+00,1.221620,1.223790,1.218730,1.222680,89776.0000
2023-11-12 00:00:00+00,1.222780,1.223690,1.222220,1.222970,1521.0000
2023-11-13 00:00:00+00,1.222960,1.228080,1.222330,1.227990,73944.0000
2023-11-14 00:00:00+00,1.228020,1.250580,1.226540,1.249340,103440.0000
2023-11-15 00:00:00+00,1.249330,1.249900,1.240390,1.242190,105869.0000
2023-11-16 00:00:00+00,1.242180,1.245600,1.237630,1.241430,95743.0000
2023-11-17 00:00:00+00,1.241450,1.246490,1.237400,1.246220,97422.0000
2023-11-19 00:00:00+00,1.245100,1.246340,1.245100,1.245320,2938.0000
2023-11-20 00:00:00+00,1.245330,1.251760,1.244620,1.250840,91085.0000
2023-11-21 00:00:00+00,1.250850,1.255920,1.250460,1.254340,99181.0000
2023-11-22 00:00:00+00,1.254360,1.254970,1.244920,1.248930,102333.0000
2023-11-23 00:00:00+00,1.248920,1.257230,1.248900,1.253260,62813.0000
2023-11-24 00:00:00+00,1.253280,1.261550,1.252460,1.260320,76477.0000
2023-11-26 00:00:00+00,1.260250,1.260780,1.259860,1.259960,1373.0000
2023-11-27 00:00:00+00,1.259960,1.264430,1.259080,1.263480,87048.0000
2023-11-28 00:00:00+00,1.263480,1.271520,1.260680,1.271280,106043.0000
2023-11-29 00:00:00+00,1.271280,1.273340,1.266480,1.269500,109761.0000
2023-11-30 00:00:00+00,1.269500,1.271080,1.260340,1.263120,121468.0000
2023-12-01 00:00:00+00,1.263120,1.271620,1.261400,1.271060,114421.0000
2023-12-03 00:00:00+00,1.269840,1.272460,1.269840,1.271120,4828.0000
2023-12-04 00:00:00+00,1.271120,1.271210,1.260380,1.263350,115843.0000
2023-12-05 00:00:00+00,1.263340,1.265220,1.257740,1.259420,121446.0000
2023-12-06 00:00:00+00,1.259420,1.261380,1.255180,1.255800,100861.0000
2023-12-07 00:00:00+00,1.255800,1.261280,1.254440,1.258750,123532.0000
2023-12-08 00:00:00+00,1.258760,1.260160,1.250230,1.254890,130882.0000
2023-12-10 00:00:00+00,1.253700,1.255440,1.253370,1.255440,1985.0000
2023-12-11 00:00:00+00,1.255440,1.259080,1.253490,1.255340,89026.0000
2023-12-12 00:00:00+00,1.255360,1.261610,1.251400,1.256880,107693.0000
2023-12-13 00:00:00+00,1.256880,1.263480,1.250020,1.262120,121842.0000
2023-12-14 00:00:00+00,1.262080,1.279440,1.261210,1.277090,159779.0000
2023-12-15 00:00:00+00,1.277060,1.279100,1.266860,1.267660,128423.0000
2023-12-17 00:00:00+00,1.267660,1.268470,1.266420,1.267140,2049.0000
2023-12-18 00:00:00+00,1.267130,1.270410,1.262890,1.265280,95086.0000
2023-12-19 00:00:00+00,1.265320,1.276190,1.264960,1.273040,103118.0000
2023-12-20 00:00:00+00,1.273030,1.273040,1.262510,1.264020,107429.0000
2023-12-21 00:00:00+00,1.264020,1.269600,1.261230,1.268300,118855.0000
2023-12-22 00:00:00+00,1.268300,1.274430,1.267930,1.269830,118224.0000
2023-12-25 00:00:00+00,1.269350,1.271200,1.268920,1.270380,1670.0000
2023-12-26 00:00:00+00,1.270390,1.273040,1.268460,1.272620,68454.0000
2023-12-27 00:00:00+00,1.272620,1.280310,1.269880,1.280020,79808.0000
2023-12-28 00:00:00+00,1.280020,1.282800,1.271260,1.273460,94413.0000
2023-12-29 00:00:00+00,1.273440,1.277280,1.270040,1.273140,96098.0000
2024-01-01 00:00:00+00,1.272640,1.273560,1.272210,1.272780,2172.0000
2024-01-02 00:00:00+00,1.272800,1.276000,1.261080,1.262280,124433.0000
2024-01-03 00:00:00+00,1.262280,1.267660,1.261570,1.267330,137032.0000
2024-01-04 00:00:00+00,1.267340,1.272990,1.265700,1.268130,121959.0000
2024-01-05 00:00:00+00,1.268140,1.277120,1.261160,1.271930,145339.0000
2024-01-07 00:00:00+00,1.272000,1.272180,1.270890,1.271740,1527.0000
2024-01-08 00:00:00+00,1.271740,1.276700,1.267340,1.274150,99082.0000
2024-01-09 00:00:00+00,1.274140,1.276520,1.268930,1.271080,105891.0000
2024-01-10 00:00:00+00,1.271120,1.274520,1.268630,1.274470,92981.0000
2024-01-11 00:00:00+00,1.274480,1.278120,1.269020,1.277870,154565.0000
2024-01-12 00:00:00+00,1.277880,1.278580,1.271950,1.275280,131402.0000
2024-01-14 00:00:00+00,1.274560,1.275220,1.273500,1.273560,2247.0000
2024-01-15 00:00:00+00,1.273560,1.276520,1.271300,1.271580,74021.0000
2024-01-16 00:00:00+00,1.271580,1.271700,1.261940,1.263800,139968.0000
2024-01-17 00:00:00+00,1.263800,1.269620,1.259650,1.267740,136397.0000
2024-01-18 00:00:00+00,1.267730,1.271200,1.264820,1.271120,133823.0000
2024-01-19 00:00:00+00,1.271110,1.271480,1.266120,1.270370,109874.0000
2024-01-21 00:00:00+00,1.268850,1.270870,1.268850,1.269950,3615.0000
2024-01-22 00:00:00+00,1.269920,1.273300,1.268680,1.270620,94542.0000
2024-01-23 00:00:00+00,1.270620,1.274730,1.264920,1.269140,107941.0000
2024-01-24 00:00:00+00,1.269140,1.277480,1.268580,1.271790,116688.0000
2024-01-25 00:00:00+00,1.271800,1.274260,1.268160,1.270620,123228.0000
2024-01-26 00:00:00+00,1.270610,1.275860,1.267560,1.270220,96785.0000
2024-01-28 00:00:00+00,1.269810,1.270300,1.269100,1.269680,2724.0000
2024-01-29 00:00:00+00,1.269660,1.271900,1.266220,1.271220,92005.0000
2024-01-30 00:00:00+00,1.271220,1.272120,1.264020,1.269470,100785.0000
2024-01-31 00:00:00+00,1.269470,1.275080,1.265820,1.267960,146897.0000
2024-02-01 00:00:00+00,1.267960,1.275580,1.262520,1.274610,130354.0000
2024-02-02 00:00:00+00,1.274620,1.277240,1.261410,1.263380,117885.0000
2024-02-04 00:00:00+00,1.263500,1.263880,1.261110,1.262160,3888.0000
2024-02-05 00:00:00+00,1.262110,1.262960,1.251840,1.253370,105517.0000
2024-02-06 00:00:00+00,1.253380,1.260580,1.253360,1.260370,108435.0000
2024-02-07 00:00:00+00,1.260360,1.264220,1.259700,1.262660,103654.0000
2024-02-08 00:00:00+00,1.262650,1.263900,1.257180,1.262060,103249.0000
2024-02-09 00:00:00+00,1.262050,1.264320,1.259900,1.263000,92299.0000
2024-02-11 00:00:00+00,1.262690,1.263760,1.262610,1.263680,2618.0000
2024-02-12 00:00:00+00,1.263680,1.265480,1.260620,1.262680,78625.0000
2024-02-13 00:00:00+00,1.262680,1.269220,1.257330,1.259020,109324.0000
2024-02-14 00:00:00+00,1.259010,1.261120,1.253540,1.256760,108766.0000
2024-02-15 00:00:00+00,1.256780,1.260540,1.254200,1.259860,101445.0000
2024-02-16 00:00:00+00,1.259840,1.262440,1.255080,1.260060,103457.0000
2024-02-18 00:00:00+00,1.260640,1.261110,1.260020,1.261070,3306.0000
2024-02-19 00:00:00+00,1.261060,1.262970,1.258350,1.258760,61751.0000
2024-02-20 00:00:00+00,1.258760,1.266860,1.257920,1.262490,110476.0000
2024-02-21 00:00:00+00,1.262520,1.264200,1.260260,1.263830,107466.0000
2024-02-22 00:00:00+00,1.263820,1.270960,1.261160,1.266180,112041.0000
2024-02-23 00:00:00+00,1.266170,1.270140,1.264820,1.267240,100105.0000
2024-02-25 00:00:00+00,1.267700,1.268290,1.266920,1.267060,2262.0000
2024-02-26 00:00:00+00,1.267020,1.269970,1.265670,1.268370,83458.0000
2024-02-27 00:00:00+00,1.268380,1.269690,1.266040,1.268000,95356.0000
2024-02-28 00:00:00+00,1.268000,1.268440,1.262160,1.266130,94591.0000
2024-02-29 00:00:00+00,1.266150,1.268180,1.261260,1.262670,117077.0000
2024-03-01 00:00:00+00,1.262660,1.266400,1.260010,1.265520,105298.0000
2024-03-03 00:00:00+00,1.265670,1.266240,1.265180,1.266020,2531.0000
2024-03-04 00:00:00+00,1.266040,1.270660,1.265590,1.268940,81699.0000
2024-03-05 00:00:00+00,1.268980,1.273500,1.267120,1.270420,98244.0000
2024-03-06 00:00:00+00,1.270440,1.276160,1.269020,1.273580,113143.0000
2024-03-07 00:00:00+00,1.273580,1.281360,1.272310,1.281350,115068.0000
2024-03-08 00:00:00+00,1.281360,1.289400,1.280100,1.285700,119360.0000
2024-03-10 00:00:00+00,1.286030,1.286450,1.284800,1.285550,4096.0000
2024-03-11 00:00:00+00,1.285560,1.286200,1.279510,1.281820,94842.0000
2024-03-12 00:00:00+00,1.281820,1.282360,1.274600,1.279500,105637.0000
2024-03-13 00:00:00+00,1.279500,1.281150,1.277460,1.280120,86812.0000
2024-03-14 00:00:00+00,1.280140,1.282310,1.273060,1.274510,99945.0000
2024-03-15 00:00:00+00,1.274520,1.275880,1.272520,1.273640,85714.0000
2024-03-17 00:00:00+00,1.273480,1.273790,1.272930,1.273110,2567.0000
2024-03-18 00:00:00+00,1.273120,1.274680,1.271800,1.272640,65741.0000
2024-03-19 00:00:00+00,1.272640,1.273300,1.266780,1.271770,93453.0000
2024-03-20 00:00:00+00,1.271780,1.279840,1.268440,1.279820,103700.0000
2024-03-21 00:00:00+00,1.279800,1.280350,1.265040,1.266050,107234.0000
2024-03-22 00:00:00+00,1.266060,1.267530,1.257520,1.260040,83483.0000
2024-03-24 00:00:00+00,1.259750,1.260700,1.259340,1.259750,3704.0000
2024-03-25 00:00:00+00,1.259780,1.265240,1.259200,1.263630,67096.0000
2024-03-26 00:00:00+00,1.263620,1.266810,1.262200,1.262790,69461.0000
2024-03-27 00:00:00+00,1.262800,1.264140,1.260560,1.261680,74204.0000
2024-03-28 00:00:00+00,1.261700,1.265500,1.258600,1.262190,81550.0000
2024-03-29 00:00:00+00,1.262180,1.264520,1.261000,1.262290,32114.0000
2024-03-31 00:00:00+00,1.262290,1.264220,1.262290,1.263760,5382.0000
2024-04-01 00:00:00+00,1.263760,1.264220,1.253960,1.254620,59693.0000
2024-04-02 00:00:00+00,1.254610,1.258160,1.253960,1.257600,73919.0000
2024-04-03 00:00:00+00,1.257590,1.265620,1.256240,1.265120,89906.0000
2024-04-04 00:00:00+00,1.265130,1.268350,1.263520,1.263920,73439.0000
2024-04-05 00:00:00+00,1.263930,1.264880,1.257400,1.263840,93687.0000
2024-04-07 00:00:00+00,1.262880,1.263470,1.262090,1.262400,3029.0000
2024-04-08 00:00:00+00,1.262400,1.266420,1.261350,1.265780,82708.0000
2024-04-09 00:00:00+00,1.265740,1.270950,1.264890,1.267720,80829.0000
2024-04-10 00:00:00+00,1.267730,1.270850,1.252020,1.253640,109017.0000
2024-04-11 00:00:00+00,1.253650,1.257880,1.251090,1.255480,109229.0000
2024-04-12 00:00:00+00,1.255460,1.255900,1.242680,1.244920,108530.0000
2024-04-14 00:00:00+00,1.244970,1.246320,1.244180,1.245970,6116.0000
2024-04-15 00:00:00+00,1.246020,1.249880,1.243580,1.244620,111991.0000
2024-04-16 00:00:00+00,1.244600,1.247200,1.240530,1.243040,123448.0000
2024-04-17 00:00:00+00,1.243040,1.248220,1.241700,1.245300,108103.0000
2024-04-18 00:00:00+00,1.245300,1.248460,1.243200,1.243480,94185.0000
2024-04-19 00:00:00+00,1.243470,1.246840,1.236680,1.237040,128239.0000
2024-04-21 00:00:00+00,1.237940,1.238330,1.236610,1.237560,3137.0000
2024-04-22 00:00:00+00,1.237600,1.239250,1.229940,1.234980,71803.0000
2024-04-23 00:00:00+00,1.234980,1.245860,1.233170,1.245430,90728.0000
2024-04-24 00:00:00+00,1.245440,1.247000,1.242260,1.245920,77247.0000
2024-04-25 00:00:00+00,1.245940,1.252680,1.245440,1.250720,101779.0000
2024-04-26 00:00:00+00,1.250720,1.254120,1.244900,1.249420,93599.0000
2024-04-28 00:00:00+00,1.250180,1.251020,1.247970,1.250970,3552.0000
2024-04-29 00:00:00+00,1.250980,1.256960,1.250740,1.255940,97498.0000
2024-04-30 00:00:00+00,1.255940,1.256120,1.248780,1.248900,96609.0000
2024-05-01 00:00:00+00,1.248900,1.255030,1.246640,1.253640,103277.0000
2024-05-02 00:00:00+00,1.253640,1.254470,1.247190,1.253960,109916.0000
2024-05-03 00:00:00+00,1.253960,1.263480,1.252940,1.254720,106659.0000
2024-05-05 00:00:00+00,1.254670,1.255400,1.254040,1.254090,3129.0000
2024-05-06 00:00:00+00,1.254060,1.259440,1.253840,1.255940,72555.0000
2024-05-07 00:00:00+00,1.255940,1.257090,1.249860,1.250170,70857.0000
2024-05-08 00:00:00+00,1.250160,1.250500,1.246780,1.249320,69183.0000
2024-05-09 00:00:00+00,1.249310,1.252990,1.244570,1.252490,78974.0000
2024-05-10 00:00:00+00,1.252480,1.254140,1.250260,1.252460,74778.0000
2024-05-12 00:00:00+00,1.251920,1.252780,1.251680,1.252200,2604.0000
2024-05-13 00:00:00+00,1.252190,1.256880,1.251750,1.255990,72675.0000
2024-05-14 00:00:00+00,1.256060,1.259300,1.250940,1.258410,90223.0000
2024-05-15 00:00:00+00,1.258420,1.269440,1.258350,1.268870,86570.0000
2024-05-16 00:00:00+00,1.268900,1.270090,1.264330,1.267140,77650.0000
2024-05-17 00:00:00+00,1.267140,1.271180,1.264490,1.270120,68375.0000
2024-05-19 00:00:00+00,1.269670,1.270820,1.269340,1.270600,2292.0000
2024-05-20 00:00:00+00,1.270620,1.272560,1.268920,1.270980,66072.0000
2024-05-21 00:00:00+00,1.270980,1.272660,1.268640,1.270980,76370.0000
2024-05-22 00:00:00+00,1.270990,1.276140,1.270020,1.272040,89185.0000
2024-05-23 00:00:00+00,1.272040,1.274660,1.268540,1.269340,99146.0000
2024-05-24 00:00:00+00,1.269340,1.275090,1.267560,1.273780,70305.0000
2024-05-26 00:00:00+00,1.273780,1.274340,1.273360,1.273380,2157.0000
2024-05-27 00:00:00+00,1.273400,1.277780,1.273400,1.277220,46007.0000
2024-05-28 00:00:00+00,1.277230,1.280080,1.275410,1.275800,76509.0000
2024-05-29 00:00:00+00,1.275780,1.277180,1.269600,1.269780,90114.0000
2024-05-30 00:00:00+00,1.269780,1.274740,1.268080,1.272900,89964.0000
2024-05-31 00:00:00+00,1.272900,1.276630,1.270040,1.274220,90293.0000
2024-06-02 00:00:00+00,1.274000,1.274580,1.273540,1.274440,2897.0000
2024-06-03 00:00:00+00,1.274440,1.281270,1.269420,1.280980,91721.0000
2024-06-04 00:00:00+00,1.281000,1.281760,1.274280,1.277250,104284.0000
2024-06-05 00:00:00+00,1.277270,1.279540,1.275540,1.279360,91661.0000
2024-06-06 00:00:00+00,1.279380,1.280920,1.276240,1.279270,84529.0000
2024-06-07 00:00:00+00,1.279260,1.282180,1.271600,1.271910,101850.0000
2024-06-09 00:00:00+00,1.272840,1.273220,1.271640,1.272800,4346.0000
2024-06-10 00:00:00+00,1.272800,1.273750,1.268800,1.272580,86491.0000
2024-06-11 00:00:00+00,1.272590,1.275160,1.270580,1.273980,86730.0000
2024-06-12 00:00:00+00,1.273980,1.286060,1.273280,1.279620,118037.0000
2024-06-13 00:00:00+00,1.279640,1.280770,1.273840,1.275360,95546.0000
2024-06-14 00:00:00+00,1.275350,1.276380,1.265700,1.268660,105815.0000
2024-06-16 00:00:00+00,1.268840,1.268850,1.267800,1.268340,3699.0000
2024-06-17 00:00:00+00,1.268310,1.271430,1.265900,1.271370,69116.0000
2024-06-18 00:00:00+00,1.271380,1.272080,1.266920,1.270710,97314.0000
2024-06-19 00:00:00+00,1.270700,1.274000,1.270040,1.272010,60745.0000
2024-06-20 00:00:00+00,1.271980,1.272040,1.265500,1.265960,87012.0000
2024-06-21 00:00:00+00,1.265970,1.267540,1.262220,1.264260,73734.0000
2024-06-23 00:00:00+00,1.264180,1.264540,1.263670,1.263800,3103.0000
2024-06-24 00:00:00+00,1.263820,1.269820,1.263280,1.268200,89120.0000
2024-06-25 00:00:00+00,1.268220,1.270260,1.267040,1.268390,81520.0000
2024-06-26 00:00:00+00,1.268380,1.269360,1.261560,1.262100,98070.0000
2024-06-27 00:00:00+00,1.262100,1.267080,1.261280,1.264420,93064.0000
2024-06-28 00:00:00+00,1.264470,1.266600,1.261970,1.264540,105512.0000
2024-06-30 00:00:00+00,1.265820,1.265820,1.264000,1.264880,3488.0000
2024-07-01 00:00:00+00,1.264860,1.271120,1.263340,1.264510,104489.0000
2024-07-02 00:00:00+00,1.264500,1.269180,1.261560,1.268760,93310.0000
2024-07-03 00:00:00+00,1.268760,1.277740,1.267820,1.274740,87123.0000
2024-07-04 00:00:00+00,1.274740,1.276770,1.274100,1.275490,52803.0000
2024-07-05 00:00:00+00,1.275500,1.281720,1.275500,1.281500,95658.0000
2024-07-07 00:00:00+00,1.279700,1.281560,1.279260,1.280600,3781.0000
2024-07-08 00:00:00+00,1.280600,1.284590,1.279980,1.281550,90735.0000
2024-07-09 00:00:00+00,1.281540,1.282510,1.277760,1.278820,91798.0000
2024-07-10 00:00:00+00,1.278820,1.285430,1.278420,1.285400,87525.0000
2024-07-11 00:00:00+00,1.285400,1.294960,1.284940,1.292370,133536.0000
2024-07-12 00:00:00+00,1.292350,1.299100,1.290210,1.298840,124851.0000
2024-07-14 00:00:00+00,1.296930,1.298400,1.296310,1.296740,6585.0000
2024-07-15 00:00:00+00,1.296720,1.299500,1.296200,1.296910,122195.0000
2024-07-16 00:00:00+00,1.296920,1.298010,1.293820,1.297740,123769.0000
2024-07-17 00:00:00+00,1.297740,1.304480,1.296620,1.300820,142412.0000
2024-07-18 00:00:00+00,1.300840,1.301300,1.294020,1.294900,141095.0000
2024-07-19 00:00:00+00,1.294900,1.294900,1.290100,1.291490,129121.0000
2024-07-21 00:00:00+00,1.291860,1.293960,1.291120,1.293260,8023.0000
2024-07-22 00:00:00+00,1.293260,1.294250,1.290540,1.293080,121866.0000
2024-07-23 00:00:00+00,1.293080,1.293500,1.288780,1.290080,117959.0000
2024-07-24 00:00:00+00,1.290090,1.293780,1.287740,1.289800,132671.0000
2024-07-25 00:00:00+00,1.289790,1.291360,1.284980,1.285540,163248.0000
2024-07-26 00:00:00+00,1.285540,1.287820,1.284990,1.286660,118136.0000
2024-07-28 00:00:00+00,1.286390,1.287360,1.286390,1.286680,6215.0000
2024-07-29 00:00:00+00,1.286660,1.288820,1.280680,1.285970,126724.0000
2024-07-30 00:00:00+00,1.285960,1.286470,1.282020,1.283760,128751.0000
2024-07-31 00:00:00+00,1.283760,1.286440,1.282100,1.285320,168451.0000
2024-08-01 00:00:00+00,1.285300,1.286080,1.272690,1.272780,167315.0000
2024-08-02 00:00:00+00,1.272770,1.284060,1.270730,1.280540,176435.0000
2024-08-04 00:00:00+00,1.280760,1.281370,1.278180,1.278780,10110.0000
2024-08-05 00:00:00+00,1.278740,1.281720,1.271020,1.278800,291925.0000
2024-08-06 00:00:00+00,1.278840,1.280300,1.267280,1.268430,219645.0000
2024-08-07 00:00:00+00,1.268400,1.273610,1.267820,1.268280,173328.0000
2024-08-08 00:00:00+00,1.268330,1.275260,1.266500,1.274580,172807.0000
2024-08-09 00:00:00+00,1.274550,1.277400,1.272620,1.275800,133501.0000
2024-08-11 00:00:00+00,1.276620,1.276750,1.274820,1.274860,3515.0000
2024-08-12 00:00:00+00,1.274850,1.279400,1.274680,1.277080,122716.0000
2024-08-13 00:00:00+00,1.277080,1.287330,1.276350,1.286540,132609.0000
2024-08-14 00:00:00+00,1.286540,1.286860,1.281680,1.282440,141092.0000
2024-08-15 00:00:00+00,1.282440,1.287180,1.279870,1.285940,127518.0000
2024-08-16 00:00:00+00,1.285920,1.294610,1.285740,1.294520,88328.0000
2024-08-18 00:00:00+00,1.293980,1.295100,1.293600,1.294640,3588.0000
2024-08-19 00:00:00+00,1.294640,1.299740,1.294000,1.298940,122436.0000
2024-08-20 00:00:00+00,1.298940,1.305240,1.297440,1.303380,132970.0000
2024-08-21 00:00:00+00,1.303380,1.311960,1.301100,1.309280,140318.0000
2024-08-22 00:00:00+00,1.309260,1.313000,1.307660,1.309660,135494.0000
2024-08-23 00:00:00+00,1.309670,1.323040,1.309220,1.321740,143352.0000
2024-08-25 00:00:00+00,1.321810,1.322260,1.320430,1.321420,5585.0000
2024-08-26 00:00:00+00,1.321440,1.322240,1.318000,1.319180,122408.0000
2024-08-27 00:00:00+00,1.319190,1.326660,1.318020,1.325540,129451.0000
2024-08-28 00:00:00+00,1.325540,1.326080,1.316760,1.319300,139827.0000
2024-08-29 00:00:00+00,1.319310,1.322710,1.314550,1.316540,148888.0000
2024-08-30 00:00:00+00,1.316560,1.320000,1.310980,1.312640,132476.0000
2024-09-01 00:00:00+00,1.313560,1.313570,1.312590,1.312980,3167.0000
2024-09-02 00:00:00+00,1.312980,1.315520,1.312010,1.314040,75603.0000
2024-09-03 00:00:00+00,1.314050,1.314720,1.308770,1.311290,145736.0000
2024-09-04 00:00:00+00,1.311280,1.317550,1.310100,1.314420,138694.0000
2024-09-05 00:00:00+00,1.314420,1.318560,1.313730,1.317600,132784.0000
2024-09-06 00:00:00+00,1.317600,1.323900,1.311020,1.312960,183431.0000
2024-09-08 00:00:00+00,1.312400,1.313860,1.312400,1.313140,4375.0000
2024-09-09 00:00:00+00,1.313160,1.314340,1.306780,1.307100,130352.0000
2024-09-10 00:00:00+00,1.307100,1.310790,1.304960,1.308000,136197.0000
2024-09-11 00:00:00+00,1.307980,1.311160,1.300200,1.303800,165746.0000
2024-09-12 00:00:00+00,1.303800,1.313290,1.303220,1.313280,152860.0000
2024-09-13 00:00:00+00,1.313280,1.315800,1.311480,1.312360,140147.0000
2024-09-15 00:00:00+00,1.312480,1.313720,1.312170,1.313520,4031.0000
2024-09-16 00:00:00+00,1.313530,1.321840,1.313530,1.321040,124721.0000
2024-09-17 00:00:00+00,1.321040,1.323000,1.314600,1.316720,143921.0000
2024-09-18 00:00:00+00,1.316750,1.329800,1.315640,1.320300,197286.0000
2024-09-19 00:00:00+00,1.320300,1.331440,1.315360,1.328140,200989.0000
2024-09-20 00:00:00+00,1.328140,1.334060,1.326800,1.332230,175218.0000
2024-09-22 00:00:00+00,1.331610,1.332320,1.331210,1.331220,3755.0000
2024-09-23 00:00:00+00,1.331210,1.335960,1.324860,1.334880,157112.0000
2024-09-24 00:00:00+00,1.334880,1.342800,1.333180,1.342690,163804.0000
2024-09-25 00:00:00+00,1.342680,1.343000,1.331240,1.331400,175221.0000
2024-09-26 00:00:00+00,1.331400,1.343430,1.331270,1.341060,185316.0000
2024-09-27 00:00:00+00,1.341070,1.342780,1.335990,1.337250,183667.0000
2024-09-29 00:00:00+00,1.337360,1.338380,1.337320,1.338280,3651.0000
2024-09-30 00:00:00+00,1.338270,1.342320,1.335020,1.337760,169702.0000
2024-10-01 00:00:00+00,1.337760,1.338980,1.323740,1.327450,224341.0000
2024-10-02 00:00:00+00,1.327460,1.330570,1.324580,1.326280,177277.0000
2024-10-03 00:00:00+00,1.326280,1.326540,1.309200,1.312860,213805.0000
2024-10-04 00:00:00+00,1.312860,1.317500,1.306980,1.312660,182791.0000
2024-10-06 00:00:00+00,1.311730,1.312500,1.310690,1.312300,6327.0000
2024-10-07 00:00:00+00,1.312300,1.313460,1.305930,1.308440,175387.0000
2024-10-08 00:00:00+00,1.308440,1.311360,1.306420,1.309320,180367.0000
2024-10-09 00:00:00+00,1.309320,1.310310,1.305560,1.306660,155378.0000
2024-10-10 00:00:00+00,1.306640,1.309390,1.302050,1.306140,177544.0000
2024-10-11 00:00:00+00,1.306130,1.308320,1.304180,1.306710,124990.0000
2024-10-13 00:00:00+00,1.306890,1.307020,1.304660,1.304840,5045.0000
2024-10-14 00:00:00+00,1.304850,1.307200,1.303030,1.306730,131393.0000
2024-10-15 00:00:00+00,1.306730,1.310300,1.303580,1.306500,152824.0000
2024-10-16 00:00:00+00,1.306480,1.307760,1.297680,1.299100,152128.0000
2024-10-17 00:00:00+00,1.299080,1.302340,1.297380,1.301480,192191.0000
2024-10-18 00:00:00+00,1.301470,1.307130,1.301120,1.305100,210688.0000
2024-10-20 00:00:00+00,1.304740,1.305800,1.304320,1.305200,6981.0000
2024-10-21 00:00:00+00,1.305200,1.305340,1.297710,1.298280,204210.0000
2024-10-22 00:00:00+00,1.298270,1.301530,1.294450,1.298080,219395.0000
2024-10-23 00:00:00+00,1.298080,1.299520,1.290740,1.291540,228365.0000
2024-10-24 00:00:00+00,1.291560,1.298820,1.291180,1.297180,246456.0000
2024-10-25 00:00:00+00,1.297180,1.299870,1.295580,1.296200,212500.0000
2024-10-27 00:00:00+00,1.296580,1.296910,1.295610,1.295730,8073.0000
2024-10-28 00:00:00+00,1.295740,1.300160,1.293970,1.297460,197917.0000
2024-10-29 00:00:00+00,1.297450,1.301720,1.295820,1.301120,254288.0000
2024-10-30 00:00:00+00,1.301100,1.304350,1.293690,1.295810,267116.0000
2024-10-31 00:00:00+00,1.295820,1.299980,1.284380,1.289690,283383.0000
2024-11-01 00:00:00+00,1.289700,1.298040,1.288460,1.291940,237280.0000
2024-11-03 00:00:00+00,1.297160,1.297220,1.295000,1.295290,6448.0000
2024-11-04 00:00:00+00,1.295280,1.299900,1.293440,1.295400,250388.0000
2024-11-05 00:00:00+00,1.295420,1.304800,1.294820,1.304260,213446.0000
2024-11-06 00:00:00+00,1.304240,1.304420,1.283400,1.288250,569318.0000
2024-11-07 00:00:00+00,1.288220,1.300940,1.287580,1.298320,319199.0000
2024-11-08 00:00:00+00,1.298320,1.298440,1.288360,1.291950,250408.0000
2024-11-10 00:00:00+00,1.289980,1.291780,1.289980,1.291540,4522.0000
2024-11-11 00:00:00+00,1.291530,1.292600,1.285590,1.287380,195986.0000
2024-11-12 00:00:00+00,1.287370,1.287380,1.271920,1.273720,277043.0000
2024-11-13 00:00:00+00,1.273720,1.277000,1.268660,1.270720,291851.0000
2024-11-14 00:00:00+00,1.270740,1.272040,1.262970,1.266730,282958.0000
2024-11-15 00:00:00+00,1.266730,1.269720,1.259730,1.262020,300618.0000
2024-11-17 00:00:00+00,1.261730,1.262770,1.260850,1.261920,6271.0000
2024-11-18 00:00:00+00,1.261910,1.268680,1.261320,1.267880,235933.0000
2024-11-19 00:00:00+00,1.267880,1.269440,1.261330,1.269420,274025.0000
2024-11-20 00:00:00+00,1.269430,1.271490,1.263090,1.265560,226200.0000
2024-11-21 00:00:00+00,1.265570,1.266040,1.257630,1.258510,255730.0000
2024-11-22 00:00:00+00,1.258520,1.259440,1.248720,1.253160,289651.0000
2024-11-24 00:00:00+00,1.259080,1.259740,1.257230,1.259330,10123.0000
2024-11-25 00:00:00+00,1.259290,1.261340,1.252970,1.253200,264428.0000
2024-11-26 00:00:00+00,1.253200,1.261650,1.250720,1.257390,307901.0000
2024-11-27 00:00:00+00,1.257380,1.269490,1.256680,1.267740,251673.0000
2024-11-28 00:00:00+00,1.267750,1.269600,1.264520,1.269540,175471.0000
2024-11-29 00:00:00+00,1.269540,1.275030,1.267180,1.273720,258213.0000
2024-12-01 00:00:00+00,1.273060,1.273600,1.269600,1.270160,9673.0000
2024-12-02 00:00:00+00,1.270160,1.272290,1.261720,1.265880,287463.0000
2024-12-03 00:00:00+00,1.265880,1.269980,1.263660,1.267400,240407.0000
2024-12-04 00:00:00+00,1.267400,1.272180,1.263000,1.270100,257707.0000
2024-12-05 00:00:00+00,1.270080,1.277100,1.269300,1.276030,202039.0000
2024-12-06 00:00:00+00,1.276060,1.281160,1.272140,1.274180,205955.0000
2024-12-08 00:00:00+00,1.273580,1.275200,1.273580,1.274820,4293.0000
2024-12-09 00:00:00+00,1.274840,1.279900,1.271720,1.274860,171666.0000
2024-12-10 00:00:00+00,1.274870,1.277970,1.272390,1.277970,179642.0000
2024-12-11 00:00:00+00,1.277940,1.278180,1.271340,1.276510,227195.0000
2024-12-12 00:00:00+00,1.276540,1.278820,1.266680,1.267690,221758.0000
2024-12-13 00:00:00+00,1.267680,1.267940,1.260820,1.262000,179477.0000
2024-12-15 00:00:00+00,1.261470,1.262740,1.261120,1.262670,4236.0000
2024-12-16 00:00:00+00,1.262650,1.269900,1.262650,1.269020,160658.0000
2024-12-17 00:00:00+00,1.269020,1.272890,1.266610,1.271020,178499.0000
2024-12-18 00:00:00+00,1.271040,1.272760,1.256220,1.256740,249843.0000
2024-12-19 00:00:00+00,1.256750,1.266700,1.249530,1.249700,260747.0000
2024-12-20 00:00:00+00,1.249720,1.261420,1.247480,1.256790,204517.0000
2024-12-22 00:00:00+00,1.256690,1.257470,1.256130,1.257040,6045.0000
2024-12-23 00:00:00+00,1.257040,1.258840,1.250980,1.253280,145882.0000
2024-12-24 00:00:00+00,1.253300,1.257510,1.251880,1.254320,104729.0000
2024-12-25 00:00:00+00,1.254380,1.255200,1.253850,1.254350,3285.0000
2024-12-26 00:00:00+00,1.254340,1.254860,1.250120,1.252810,115055.0000
2024-12-27 00:00:00+00,1.252820,1.259280,1.250520,1.257700,167958.0000
2024-12-29 00:00:00+00,1.257990,1.258870,1.256560,1.257780,2845.0000
2024-12-30 00:00:00+00,1.257800,1.260740,1.250660,1.254840,169454.0000
2024-12-31 00:00:00+00,1.254840,1.256940,1.250520,1.251340,162097.0000
2025-01-01 00:00:00+00,1.251540,1.251980,1.250770,1.251980,4650.0000
2025-01-02 00:00:00+00,1.251980,1.254080,1.235210,1.237980,203938.0000
2025-01-03 00:00:00+00,1.237980,1.243430,1.237830,1.242220,147076.0000
2025-01-05 00:00:00+00,1.242660,1.243420,1.241570,1.242470,4370.0000
2025-01-06 00:00:00+00,1.242480,1.255100,1.241760,1.250990,232720.0000
2025-01-07 00:00:00+00,1.251000,1.257600,1.247300,1.247600,201109.0000
2025-01-08 00:00:00+00,1.247600,1.249430,1.232090,1.235860,222727.0000
2025-01-09 00:00:00+00,1.235860,1.236530,1.223840,1.229860,189890.0000
2025-01-10 00:00:00+00,1.229860,1.232200,1.219140,1.220860,257079.0000
2025-01-12 00:00:00+00,1.220140,1.221120,1.219910,1.220400,4516.0000
2025-01-13 00:00:00+00,1.220380,1.225060,1.209970,1.223190,239823.0000
2025-01-14 00:00:00+00,1.223160,1.224620,1.213840,1.221100,235509.0000
2025-01-15 00:00:00+00,1.221090,1.230670,1.216200,1.224280,221782.0000
2025-01-16 00:00:00+00,1.224270,1.226050,1.217500,1.223460,229230.0000
2025-01-17 00:00:00+00,1.223440,1.224450,1.216040,1.216850,195749.0000
2025-01-19 00:00:00+00,1.217880,1.217880,1.216000,1.217530,5213.0000
2025-01-20 00:00:00+00,1.217540,1.234500,1.216560,1.233210,248003.0000
2025-01-21 00:00:00+00,1.233250,1.236060,1.222920,1.233860,284445.0000
2025-01-22 00:00:00+00,1.233850,1.237680,1.230720,1.231380,200988.0000
2025-01-23 00:00:00+00,1.231380,1.237590,1.229340,1.235380,227115.0000
2025-01-24 00:00:00+00,1.235380,1.250220,1.234860,1.248270,225588.0000
2025-01-26 00:00:00+00,1.247100,1.247460,1.245640,1.245810,5839.0000
2025-01-27 00:00:00+00,1.245850,1.252360,1.242600,1.245090,257399.0000
2025-01-28 00:00:00+00,1.245120,1.246560,1.241460,1.244080,208654.0000
2025-01-29 00:00:00+00,1.244080,1.246360,1.239320,1.245500,261387.0000
2025-01-30 00:00:00+00,1.245490,1.247700,1.240790,1.242210,229886.0000
2025-01-31 00:00:00+00,1.242220,1.247210,1.238610,1.239260,269846.0000
2025-02-02 00:00:00+00,1.231220,1.232460,1.228310,1.229030,24015.0000
2025-02-03 00:00:00+00,1.229000,1.245570,1.224940,1.243340,441617.0000
2025-02-04 00:00:00+00,1.243320,1.249330,1.237930,1.247560,249216.0000
2025-02-05 00:00:00+00,1.247570,1.255020,1.246350,1.250160,207587.0000
2025-02-06 00:00:00+00,1.250150,1.250980,1.236040,1.243430,205798.0000
2025-02-07 00:00:00+00,1.243460,1.249400,1.237610,1.240060,246368.0000
2025-02-09 00:00:00+00,1.237510,1.239930,1.237400,1.238940,8505.0000
2025-02-10 00:00:00+00,1.238940,1.242240,1.235440,1.235980,169607.0000
2025-02-11 00:00:00+00,1.236010,1.245500,1.233240,1.245150,168645.0000
2025-02-12 00:00:00+00,1.245160,1.248380,1.237760,1.245060,240650.0000
2025-02-13 00:00:00+00,1.245080,1.257040,1.244260,1.256480,273031.0000
2025-02-14 00:00:00+00,1.256460,1.263060,1.254980,1.258640,185024.0000
2025-02-16 00:00:00+00,1.258890,1.259020,1.257840,1.258410,5611.0000
2025-02-17 00:00:00+00,1.258420,1.263500,1.257930,1.262080,141775.0000
2025-02-18 00:00:00+00,1.262080,1.264040,1.258240,1.262450,167574.0000
2025-02-19 00:00:00+00,1.262440,1.263770,1.256320,1.258320,180661.0000
2025-02-20 00:00:00+00,1.258300,1.267440,1.258040,1.266940,190358.0000
2025-02-21 00:00:00+00,1.266940,1.267900,1.262480,1.263560,193016.0000
2025-02-23 00:00:00+00,1.263770,1.265810,1.263540,1.264890,5200.0000
2025-02-24 00:00:00+00,1.264900,1.269080,1.261210,1.261730,217302.0000
2025-02-25 00:00:00+00,1.261720,1.267780,1.260580,1.267180,219648.0000
2025-02-26 00:00:00+00,1.267180,1.271610,1.263540,1.268060,219861.0000
2025-02-27 00:00:00+00,1.268050,1.268920,1.259630,1.259640,234098.0000
2025-02-28 00:00:00+00,1.259670,1.262210,1.255940,1.257940,222072.0000
2025-03-02 00:00:00+00,1.258640,1.260880,1.258220,1.260240,7062.0000
2025-03-03 00:00:00+00,1.260230,1.272460,1.258240,1.270170,272599.0000
2025-03-04 00:00:00+00,1.270180,1.279990,1.267880,1.279560,310569.0000
2025-03-05 00:00:00+00,1.279540,1.290110,1.276780,1.288980,348750.0000
2025-03-06 00:00:00+00,1.288980,1.292400,1.286600,1.288320,328268.0000
2025-03-07 00:00:00+00,1.288320,1.294480,1.287620,1.292170,281213.0000
2025-03-09 00:00:00+00,1.290140,1.293860,1.290140,1.293200,13095.0000
2025-03-10 00:00:00+00,1.293220,1.294680,1.286140,1.287540,263267.0000
2025-03-11 00:00:00+00,1.287540,1.296610,1.287320,1.294400,286336.0000
2025-03-12 00:00:00+00,1.294390,1.299170,1.291340,1.296440,244414.0000
2025-03-13 00:00:00+00,1.296450,1.297360,1.292090,1.295710,226422.0000
2025-03-14 00:00:00+00,1.295690,1.295920,1.291120,1.293660,215727.0000
2025-03-16 00:00:00+00,1.293470,1.293600,1.292560,1.292740,9216.0000
2025-03-17 00:00:00+00,1.292730,1.299900,1.292700,1.298390,156424.0000
2025-03-18 00:00:00+00,1.298380,1.301000,1.295140,1.300060,163595.0000
2025-03-19 00:00:00+00,1.300060,1.301180,1.295510,1.301020,184780.0000
2025-03-20 00:00:00+00,1.301020,1.301490,1.293600,1.296520,171396.0000
2025-03-21 00:00:00+00,1.296510,1.297060,1.288790,1.291680,143530.0000
2025-03-23 00:00:00+00,1.289840,1.292660,1.289780,1.292540,7297.0000
2025-03-24 00:00:00+00,1.292550,1.297430,1.289560,1.292320,178855.0000
2025-03-25 00:00:00+00,1.292300,1.296700,1.290210,1.294520,150073.0000
2025-03-26 00:00:00+00,1.294530,1.294640,1.287100,1.287740,171135.0000
2025-03-27 00:00:00+00,1.287730,1.299220,1.287630,1.295160,172976.0000
2025-03-28 00:00:00+00,1.295140,1.296840,1.292240,1.294070,146071.0000
2025-03-30 00:00:00+00,1.293660,1.294280,1.292220,1.293760,9400.0000
2025-03-31 00:00:00+00,1.293760,1.297280,1.288630,1.291940,191505.0000
2025-04-01 00:00:00+00,1.291960,1.294090,1.287950,1.292160,180638.0000
2025-04-02 00:00:00+00,1.292150,1.305270,1.290040,1.304560,218615.0000
2025-04-03 00:00:00+00,1.304560,1.320770,1.302610,1.308920,370957.0000
2025-04-04 00:00:00+00,1.308920,1.311390,1.285300,1.289860,510443.0000
2025-04-06 00:00:00+00,1.284540,1.293360,1.282860,1.290840,49726.0000
2025-04-07 00:00:00+00,1.290900,1.293400,1.270810,1.273310,586628.0000
2025-04-08 00:00:00+00,1.273300,1.281480,1.272450,1.278680,395109.0000
2025-04-09 00:00:00+00,1.278680,1.286420,1.274320,1.282500,584174.0000
2025-04-10 00:00:00+00,1.282490,1.299820,1.282200,1.299200,464682.0000
2025-04-11 00:00:00+00,1.299190,1.314520,1.298500,1.308870,586584.0000
2025-04-13 00:00:00+00,1.309320,1.310400,1.306360,1.308450,22970.0000
2025-04-14 00:00:00+00,1.308440,1.320140,1.308370,1.317290,322254.0000
2025-04-15 00:00:00+00,1.317280,1.325220,1.316420,1.323080,244845.0000
2025-04-16 00:00:00+00,1.323080,1.329240,1.321210,1.323260,274353.0000
2025-04-17 00:00:00+00,1.323260,1.327510,1.320280,1.326940,242028.0000
2025-04-18 00:00:00+00,1.326890,1.329900,1.325930,1.329580,1337575.0000
2025-04-20 00:00:00+00,1.327670,1.332020,1.327580,1.331480,14069.0000
2025-04-21 00:00:00+00,1.331480,1.342220,1.331460,1.337980,199956.0000
2025-04-22 00:00:00+00,1.337980,1.342420,1.323400,1.327260,259151.0000
2025-04-23 00:00:00+00,1.327250,1.333960,1.325010,1.326500,301096.0000
2025-04-24 00:00:00+00,1.326510,1.334890,1.325860,1.332760,182718.0000
2025-04-25 00:00:00+00,1.332750,1.333250,1.327400,1.331120,156243.0000
2025-04-27 00:00:00+00,1.330680,1.331200,1.328840,1.329010,7528.0000
2025-04-28 00:00:00+00,1.329030,1.344420,1.328020,1.343500,173302.0000
2025-04-29 00:00:00+00,1.343510,1.344260,1.338030,1.341210,161990.0000
2025-04-30 00:00:00+00,1.341220,1.341480,1.330900,1.332100,192811.0000
2025-05-01 00:00:00+00,1.332120,1.334570,1.326040,1.328600,168409.0000
2025-05-02 00:00:00+00,1.328600,1.333090,1.326240,1.327000,210684.0000
2025-05-04 00:00:00+00,1.326380,1.327650,1.326010,1.326980,7313.0000
2025-05-05 00:00:00+00,1.327020,1.333670,1.326180,1.329080,161290.0000
2025-05-06 00:00:00+00,1.329100,1.340280,1.326050,1.335240,192647.0000
2025-05-07 00:00:00+00,1.335220,1.337730,1.328020,1.329040,195475.0000
2025-05-08 00:00:00+00,1.329040,1.335660,1.323340,1.323920,217918.0000
2025-05-09 00:00:00+00,1.323940,1.332280,1.321210,1.330340,148709.0000
2025-05-11 00:00:00+00,1.326740,1.329540,1.326210,1.328510,10464.0000
2025-05-12 00:00:00+00,1.328530,1.329960,1.314000,1.317770,260767.0000
2025-05-13 00:00:00+00,1.317760,1.331640,1.317380,1.330360,189418.0000
2025-05-14 00:00:00+00,1.330360,1.336060,1.325340,1.326380,232637.0000
2025-05-15 00:00:00+00,1.326370,1.332000,1.325950,1.330330,204996.0000
2025-05-16 00:00:00+00,1.330340,1.333300,1.325060,1.328160,176378.0000
2025-05-18 00:00:00+00,1.327720,1.330520,1.327630,1.330520,8063.0000
2025-05-19 00:00:00+00,1.330530,1.340410,1.329040,1.335920,212131.0000
2025-05-20 00:00:00+00,1.335920,1.339800,1.333500,1.339720,187865.0000
2025-05-21 00:00:00+00,1.339720,1.346920,1.338860,1.342060,231912.0000
2025-05-22 00:00:00+00,1.342060,1.344100,1.339100,1.342010,204488.0000
2025-05-23 00:00:00+00,1.341980,1.354320,1.341860,1.353930,196089.0000
2025-05-25 00:00:00+00,1.352620,1.354260,1.352340,1.353830,12642.0000
2025-05-26 00:00:00+00,1.353820,1.359340,1.353620,1.356550,132770.0000
2025-05-27 00:00:00+00,1.356580,1.358710,1.350030,1.351390,182820.0000
2025-05-28 00:00:00+00,1.351380,1.352240,1.341560,1.342830,202122.0000
2025-05-29 00:00:00+00,1.342820,1.350750,1.341870,1.349960,226793.0000
2025-05-30 00:00:00+00,1.349940,1.351120,1.344800,1.345320,204440.0000
2025-06-01 00:00:00+00,1.346450,1.347400,1.345260,1.346860,7389.0000
2025-06-02 00:00:00+00,1.346860,1.355980,1.346780,1.355740,202793.0000
2025-06-03 00:00:00+00,1.355740,1.355790,1.349170,1.353100,184175.0000
2025-06-04 00:00:00+00,1.353110,1.358040,1.350100,1.355080,190181.0000
2025-06-05 00:00:00+00,1.355080,1.361680,1.354060,1.357900,215946.0000
2025-06-06 00:00:00+00,1.357910,1.358480,1.350740,1.352570,190514.0000
2025-06-08 00:00:00+00,1.352780,1.353980,1.352620,1.353740,4225.0000
2025-06-09 00:00:00+00,1.353750,1.358160,1.352460,1.355440,149102.0000
2025-06-10 00:00:00+00,1.355460,1.356440,1.345640,1.350760,193043.0000
2025-06-11 00:00:00+00,1.350770,1.357300,1.346440,1.356770,198699.0000
2025-06-12 00:00:00+00,1.356760,1.363080,1.352290,1.362860,225016.0000
2025-06-13 00:00:00+00,1.362880,1.363260,1.351650,1.357480,258927.0000
2025-06-15 00:00:00+00,1.356510,1.356720,1.354030,1.354900,17831.0000
2025-06-16 00:00:00+00,1.354900,1.362260,1.353480,1.356820,209153.0000
2025-06-17 00:00:00+00,1.356820,1.357960,1.341540,1.342900,218894.0000
2025-06-18 00:00:00+00,1.342880,1.347690,1.340030,1.341460,243211.0000
2025-06-19 00:00:00+00,1.341440,1.348040,1.338280,1.347660,186847.0000
2025-06-20 00:00:00+00,1.347660,1.351140,1.344120,1.344940,189137.0000
2025-06-22 00:00:00+00,1.340370,1.344190,1.339940,1.343500,17279.0000
2025-06-23 00:00:00+00,1.343520,1.355500,1.337040,1.354570,289900.0000
2025-06-24 00:00:00+00,1.354560,1.364870,1.353550,1.361510,232370.0000
2025-06-25 00:00:00+00,1.361500,1.369200,1.359070,1.369000,208789.0000
2025-06-26 00:00:00+00,1.368980,1.377100,1.367700,1.372530,242842.0000
2025-06-27 00:00:00+00,1.372560,1.375280,1.368290,1.372060,210163.0000
2025-06-29 00:00:00+00,1.371150,1.372870,1.370820,1.371880,9163.0000
2025-06-30 00:00:00+00,1.371870,1.374080,1.367420,1.373080,195356.0000
2025-07-01 00:00:00+00,1.373060,1.378880,1.370360,1.374600,211887.0000
2025-07-02 00:00:00+00,1.374580,1.375280,1.356300,1.364960,214519.0000
2025-07-03 00:00:00+00,1.364940,1.367600,1.358580,1.366590,195910.0000
2025-07-04 00:00:00+00,1.366540,1.368160,1.363460,1.364750,214459.0000
2025-07-06 00:00:00+00,1.364350,1.366160,1.364350,1.365120,5740.0000
2025-07-07 00:00:00+00,1.365120,1.365780,1.357540,1.362380,198296.0000
2025-07-08 00:00:00+00,1.362400,1.364660,1.352540,1.358500,203136.0000
2025-07-09 00:00:00+00,1.358500,1.362000,1.356450,1.359800,172981.0000
2025-07-10 00:00:00+00,1.359800,1.361960,1.353300,1.358030,162867.0000
2025-07-11 00:00:00+00,1.358020,1.358180,1.348110,1.349050,192093.0000
2025-07-13 00:00:00+00,1.349140,1.349700,1.348210,1.349580,7210.0000
2025-07-14 00:00:00+00,1.349570,1.350440,1.342160,1.342790,157665.0000
2025-07-15 00:00:00+00,1.342800,1.346760,1.337880,1.339320,171172.0000
2025-07-16 00:00:00+00,1.339320,1.348620,1.336500,1.341050,251810.0000
2025-07-17 00:00:00+00,1.341040,1.343500,1.337420,1.343130,165858.0000
2025-07-18 00:00:00+00,1.343140,1.347550,1.340620,1.340850,126429.0000
2025-07-20 00:00:00+00,1.341790,1.343190,1.340820,1.341510,6501.0000
2025-07-21 00:00:00+00,1.341520,1.351080,1.340230,1.348940,140302.0000
2025-07-22 00:00:00+00,1.348950,1.353500,1.346210,1.352120,153166.0000
2025-07-23 00:00:00+00,1.352130,1.358740,1.351530,1.357890,188031.0000
2025-07-24 00:00:00+00,1.357880,1.358870,1.350300,1.350870,201361.0000
2025-07-25 00:00:00+00,1.350860,1.351250,1.341620,1.343630,191940.0000
2025-07-27 00:00:00+00,1.343120,1.344860,1.342980,1.343800,7128.0000
2025-07-28 00:00:00+00,1.343800,1.345300,1.335120,1.335980,189135.0000
2025-07-29 00:00:00+00,1.335980,1.336420,1.330780,1.335360,207114.0000
2025-07-30 00:00:00+00,1.335350,1.338590,1.322810,1.325600,250733.0000
2025-07-31 00:00:00+00,1.325590,1.328230,1.318570,1.320780,209656.0000
2025-08-01 00:00:00+00,1.320780,1.331060,1.314150,1.327880,264706.0000
2025-08-03 00:00:00+00,1.327900,1.329240,1.327380,1.329130,7540.0000
2025-08-04 00:00:00+00,1.329120,1.333110,1.325390,1.329790,208202.0000
2025-08-05 00:00:00+00,1.329820,1.331630,1.325960,1.329840,194848.0000
2025-08-06 00:00:00+00,1.329850,1.336840,1.328140,1.335760,169158.0000
2025-08-07 00:00:00+00,1.335760,1.345250,1.334580,1.345140,193272.0000
2025-08-08 00:00:00+00,1.345140,1.345920,1.341800,1.345100,140724.0000
2025-08-10 00:00:00+00,1.345030,1.345320,1.343730,1.344340,3244.0000
2025-08-11 00:00:00+00,1.344330,1.347700,1.339920,1.343380,131994.0000
2025-08-12 00:00:00+00,1.343360,1.352380,1.342060,1.350450,211702.0000
2025-08-13 00:00:00+00,1.350440,1.358560,1.349290,1.358540,139305.0000
2025-08-14 00:00:00+00,1.358540,1.359500,1.352100,1.353000,173017.0000
2025-08-15 00:00:00+00,1.353020,1.357530,1.352740,1.355240,137035.0000
2025-08-17 00:00:00+00,1.355520,1.356730,1.355220,1.355610,3410.0000
2025-08-18 00:00:00+00,1.355600,1.356520,1.350160,1.350800,126030.0000
2025-08-19 00:00:00+00,1.350800,1.353140,1.347790,1.348480,142852.0000
2025-08-20 00:00:00+00,1.348480,1.350940,1.344730,1.346620,149438.0000
2025-08-21 00:00:00+00,1.346600,1.348290,1.340560,1.341810,152034.0000
2025-08-22 00:00:00+00,1.341800,1.354440,1.339060,1.352740,188728.0000
2025-08-24 00:00:00+00,1.351930,1.352900,1.350820,1.350860,8152.0000
2025-08-25 00:00:00+00,1.350870,1.352750,1.344620,1.345470,135483.0000
2025-08-26 00:00:00+00,1.345480,1.349340,1.343460,1.347700,205541.0000
2025-08-27 00:00:00+00,1.347690,1.350640,1.341660,1.350390,150675.0000
2025-08-28 00:00:00+00,1.350380,1.353080,1.348340,1.350830,159173.0000
2025-08-29 00:00:00+00,1.350820,1.351710,1.344650,1.350470,158511.0000
2025-08-31 00:00:00+00,1.349740,1.351170,1.349720,1.350340,3407.0000
2025-09-01 00:00:00+00,1.350330,1.355000,1.350240,1.354630,119369.0000
2025-09-02 00:00:00+00,1.354640,1.354860,1.334030,1.338130,217515.0000
2025-09-03 00:00:00+00,1.338140,1.345860,1.333320,1.344070,178437.0000
2025-09-04 00:00:00+00,1.344080,1.345950,1.341660,1.344400,146963.0000
2025-09-05 00:00:00+00,1.344400,1.355490,1.344200,1.350820,198255.0000
2025-09-07 00:00:00+00,1.350360,1.350500,1.348270,1.349270,7602.0000
2025-09-08 00:00:00+00,1.349260,1.355820,1.348350,1.355280,164038.0000
2025-09-09 00:00:00+00,1.355300,1.359060,1.351830,1.352070,176483.0000
2025-09-10 00:00:00+00,1.352040,1.356500,1.351300,1.353320,178041.0000
2025-09-11 00:00:00+00,1.353310,1.358300,1.349390,1.357420,197241.0000
2025-09-12 00:00:00+00,1.357410,1.357600,1.352420,1.355980,159082.0000
2025-09-14 00:00:00+00,1.355660,1.357530,1.354820,1.355300,4932.0000
2025-09-15 00:00:00+00,1.355280,1.362020,1.354870,1.360140,146561.0000
2025-09-16 00:00:00+00,1.360120,1.367200,1.359800,1.365280,174724.0000
2025-09-17 00:00:00+00,1.365270,1.372660,1.361970,1.362960,216496.0000
2025-09-18 00:00:00+00,1.362960,1.366120,1.353420,1.355500,211830.0000
2025-09-19 00:00:00+00,1.355510,1.355960,1.346300,1.347080,195086.0000
2025-09-21 00:00:00+00,1.347730,1.347730,1.346260,1.346280,28392.0000
2025-09-22 00:00:00+00,1.346290,1.352060,1.345340,1.351440,149370.0000
2025-09-23 00:00:00+00,1.351420,1.353660,1.348700,1.352430,186523.0000
2025-09-24 00:00:00+00,1.352430,1.352630,1.342660,1.344940,161505.0000
2025-09-25 00:00:00+00,1.344940,1.346710,1.332380,1.333540,205722.0000
2025-09-26 00:00:00+00,1.333520,1.341320,1.332960,1.340160,157119.0000
2025-09-28 00:00:00+00,1.340160,1.341140,1.339580,1.340740,4402.0000
2025-09-29 00:00:00+00,1.340750,1.345710,1.340680,1.343500,154696.0000
2025-09-30 00:00:00+00,1.343510,1.346720,1.341360,1.344260,177605.0000
2025-10-01 00:00:00+00,1.344260,1.352760,1.343480,1.347850,214518.0000
2025-10-02 00:00:00+00,1.347840,1.351040,1.340110,1.344640,173952.0000
2025-10-03 00:00:00+00,1.344630,1.348680,1.342890,1.347970,148134.0000
2025-10-05 00:00:00+00,1.344090,1.345570,1.342290,1.343180,16405.0000
2025-10-06 00:00:00+00,1.343200,1.349020,1.341650,1.348430,198515.0000
2025-10-07 00:00:00+00,1.348440,1.348470,1.339240,1.342060,165699.0000
2025-10-08 00:00:00+00,1.342060,1.343860,1.337100,1.340040,180734.0000
2025-10-09 00:00:00+00,1.340030,1.341920,1.327940,1.330290,202169.0000
2025-10-10 00:00:00+00,1.330260,1.337080,1.326180,1.336010,223557.0000
2025-10-12 00:00:00+00,1.335000,1.335460,1.333160,1.333580,12157.0000
2025-10-13 00:00:00+00,1.333580,1.336650,1.331500,1.333220,185466.0000
2025-10-14 00:00:00+00,1.333230,1.335280,1.324860,1.332160,237303.0000
2025-10-15 00:00:00+00,1.332160,1.340800,1.332000,1.340330,200602.0000
2025-10-16 00:00:00+00,1.340340,1.345460,1.340000,1.344400,231118.0000
2025-10-17 00:00:00+00,1.344420,1.347160,1.339080,1.342580,233927.0000
2025-10-19 00:00:00+00,1.343140,1.343420,1.342260,1.342500,5457.0000
2025-10-20 00:00:00+00,1.342500,1.344310,1.340000,1.340440,162686.0000
2025-10-21 00:00:00+00,1.340430,1.341620,1.336120,1.336520,215477.0000
2025-10-22 00:00:00+00,1.336510,1.338720,1.330580,1.335080,218994.0000
2025-10-23 00:00:00+00,1.335070,1.335740,1.330820,1.332670,158144.0000
2025-10-24 00:00:00+00,1.332680,1.337080,1.328740,1.331080,203829.0000
2025-10-26 00:00:00+00,1.332600,1.332780,1.331820,1.332180,7419.0000
2025-10-27 00:00:00+00,1.332160,1.335320,1.331040,1.334070,165944.0000
2025-10-28 00:00:00+00,1.334050,1.336960,1.324760,1.327870,196119.0000
2025-10-29 00:00:00+00,1.327860,1.328080,1.314030,1.319480,243118.0000
2025-10-30 00:00:00+00,1.319470,1.321900,1.311660,1.315880,215810.0000
2025-10-31 00:00:00+00,1.315870,1.316490,1.309730,1.315060,155390.0000
2025-11-02 00:00:00+00,1.313110,1.314260,1.313060,1.313390,7364.0000
2025-11-03 00:00:00+00,1.313380,1.316240,1.310840,1.313450,145513.0000
2025-11-04 00:00:00+00,1.313460,1.313940,1.301020,1.302120,180742.0000
2025-11-05 00:00:00+00,1.302140,1.305440,1.301030,1.305220,157469.0000
2025-11-06 00:00:00+00,1.305230,1.314280,1.305060,1.314020,179022.0000
2025-11-07 00:00:00+00,1.314020,1.317510,1.309490,1.316330,172082.0000
2025-11-09 00:00:00+00,1.315880,1.316300,1.313970,1.314140,5263.0000
2025-11-10 00:00:00+00,1.314140,1.319120,1.313680,1.317240,212386.0000
2025-11-11 00:00:00+00,1.317240,1.318460,1.311660,1.315220,197530.0000
2025-11-12 00:00:00+00,1.315220,1.315550,1.308440,1.312800,169445.0000
2025-11-13 00:00:00+00,1.312790,1.321580,1.310060,1.315280,235532.0000
2025-11-14 00:00:00+00,1.315290,1.320120,1.310800,1.317380,216024.0000
2025-11-16 00:00:00+00,1.316400,1.317200,1.315460,1.315920,3744.0000
2025-11-17 00:00:00+00,1.315900,1.319340,1.313600,1.315550,178037.0000
2025-11-18 00:00:00+00,1.315540,1.317720,1.313400,1.314710,219383.0000
2025-11-19 00:00:00+00,1.314720,1.315600,1.304360,1.306010,208369.0000
2025-11-20 00:00:00+00,1.306020,1.312400,1.303800,1.308310,209548.0000
2025-11-21 00:00:00+00,1.308310,1.310960,1.303860,1.309820,258419.0000
2025-11-23 00:00:00+00,1.310240,1.310340,1.309280,1.309600,3392.0000
2025-11-24 00:00:00+00,1.309600,1.311810,1.308060,1.310590,228661.0000
2025-11-25 00:00:00+00,1.310590,1.321420,1.309580,1.315830,237552.0000
2025-11-26 00:00:00+00,1.315840,1.324880,1.312400,1.324480,270837.0000
2025-11-27 00:00:00+00,1.324460,1.326900,1.321020,1.324040,132685.0000
2025-11-28 00:00:00+00,1.324060,1.325480,1.320130,1.323180,425594.0000
2025-11-30 00:00:00+00,1.322700,1.324900,1.322340,1.323930,5670.0000
2025-12-01 00:00:00+00,1.323930,1.327580,1.320560,1.320910,271109.0000
2025-12-02 00:00:00+00,1.320920,1.322180,1.317970,1.322000,175190.0000
2025-12-03 00:00:00+00,1.322000,1.335450,1.321750,1.334780,196505.0000
2025-12-04 00:00:00+00,1.334760,1.338580,1.332050,1.332240,194898.0000
2025-12-05 00:00:00+00,1.332230,1.336240,1.331620,1.333160,155694.0000
2025-12-07 00:00:00+00,1.332680,1.333210,1.332200,1.332580,6407.0000
2025-12-08 00:00:00+00,1.332600,1.334660,1.330580,1.332680,161058.0000
2025-12-09 00:00:00+00,1.332700,1.335640,1.328740,1.330300,186892.0000
2025-12-10 00:00:00+00,1.330300,1.339170,1.329610,1.338860,216680.0000
2025-12-11 00:00:00+00,1.338860,1.343840,1.335490,1.339350,185335.0000
2025-12-12 00:00:00+00,1.339340,1.340000,1.334240,1.337180,165962.0000
2025-12-14 00:00:00+00,1.337780,1.337820,1.336150,1.336740,5563.0000
2025-12-15 00:00:00+00,1.336750,1.340160,1.335500,1.337920,157201.0000
2025-12-16 00:00:00+00,1.337940,1.345620,1.335540,1.342540,239097.0000
2025-12-17 00:00:00+00,1.342540,1.342700,1.331160,1.337340,178273.0000
2025-12-18 00:00:00+00,1.337350,1.344660,1.334110,1.338360,206724.0000
2025-12-19 00:00:00+00,1.338340,1.339420,1.335710,1.337670,172320.0000
2025-12-21 00:00:00+00,1.337840,1.339120,1.337480,1.337900,10131.0000
2025-12-22 00:00:00+00,1.337900,1.347780,1.337850,1.346800,182195.0000
2025-12-23 00:00:00+00,1.346830,1.352420,1.346820,1.351310,177899.0000
2025-12-24 00:00:00+00,1.351300,1.353430,1.349200,1.350700,174315.0000
2025-12-25 00:00:00+00,1.352010,1.352110,1.350150,1.350840,15786.0000
2025-12-26 00:00:00+00,1.350820,1.352740,1.347740,1.349900,239838.0000
2025-12-28 00:00:00+00,1.349300,1.350130,1.348900,1.349720,6466.0000
2025-12-29 00:00:00+00,1.349740,1.351590,1.346920,1.350900,215713.0000
2025-12-30 00:00:00+00,1.350880,1.353100,1.344960,1.346640,147050.0000
2025-12-31 00:00:00+00,1.346640,1.348380,1.340160,1.347380,199046.0000
2026-01-01 00:00:00+00,1.346880,1.347700,1.346320,1.347400,3430.0000
2026-01-02 00:00:00+00,1.347400,1.350200,1.343420,1.346020,153563.0000
2026-01-04 00:00:00+00,1.345450,1.345990,1.343710,1.343800,5749.0000
2026-01-05 00:00:00+00,1.343780,1.354840,1.341400,1.353220,204628.0000
2026-01-06 00:00:00+00,1.353240,1.356800,1.349160,1.349970,185873.0000
2026-01-07 00:00:00+00,1.349980,1.351690,1.345640,1.345880,184365.0000
2026-01-08 00:00:00+00,1.345860,1.346570,1.341580,1.343580,174987.0000
2026-01-09 00:00:00+00,1.343600,1.345110,1.339260,1.340210,210278.0000
2026-01-11 00:00:00+00,1.339990,1.340350,1.339240,1.339360,2449.0000
2026-01-12 00:00:00+00,1.339370,1.348600,1.339080,1.346620,173780.0000
2026-01-13 00:00:00+00,1.346600,1.349490,1.342160,1.342580,189324.0000
2026-01-14 00:00:00+00,1.342570,1.346430,1.341980,1.344010,177066.0000
2026-01-15 00:00:00+00,1.344000,1.344530,1.336280,1.338110,175984.0000
2026-01-16 00:00:00+00,1.338140,1.341320,1.336620,1.337960,172539.0000
2026-01-18 00:00:00+00,1.335400,1.340720,1.334360,1.340200,11942.0000
2026-01-19 00:00:00+00,1.340200,1.343530,1.338140,1.341910,187953.0000
2026-01-20 00:00:00+00,1.341940,1.349180,1.341020,1.344080,9622230164.0000
2026-01-21 00:00:00+00,1.344055,1.345935,1.340155,1.341795,112136000000.0000
2026-01-22 00:00:00+00,1.341800,1.350890,1.340170,1.349965,100932000000.0000
2026-01-23 00:00:00+00,1.349960,1.364660,1.348265,1.364535,110582000000.0000
2026-01-25 00:00:00+00,1.366710,1.368430,1.365495,1.366495,4811000000.0000
2026-01-26 00:00:00+00,1.366490,1.371335,1.364315,1.367485,114680000000.0000
2026-01-27 00:00:00+00,1.367465,1.386855,1.366390,1.382690,127544000000.0000
2026-01-28 00:00:00+00,1.382685,1.383140,1.374985,1.382725,138150000000.0000
2026-01-29 00:00:00+00,1.382655,1.384805,1.374250,1.380835,146166000000.0000
2026-01-30 00:00:00+00,1.380840,1.381455,1.367945,1.368810,162292000000.0000
2026-02-01 00:00:00+00,1.369650,1.369650,1.366235,1.367620,6232000000.0000
2026-02-02 00:00:00+00,1.367645,1.371540,1.362325,1.367300,151563000000.0000
2026-02-03 00:00:00+00,1.367305,1.370720,1.365075,1.369695,125279000000.0000
2026-02-04 00:00:00+00,1.369695,1.373335,1.364245,1.364620,116273000000.0000
2026-02-05 00:00:00+00,1.364620,1.365420,1.351780,1.352105,125103000000.0000
2026-02-06 00:00:00+00,1.352125,1.362355,1.350870,1.361195,97533000000.0000
2026-02-08 00:00:00+00,1.359800,1.361195,1.358795,1.360965,4033000000.0000
2026-02-09 00:00:00+00,1.360975,1.370050,1.358655,1.368255,100139000000.0000
2026-02-10 00:00:00+00,1.368245,1.369670,1.363170,1.363295,94469000000.0000
2026-02-11 00:00:00+00,1.363280,1.371245,1.360975,1.362305,104420000000.0000
2026-02-12 00:00:00+00,1.362305,1.367150,1.360460,1.361840,106949000000.0000
2026-02-13 00:00:00+00,1.361840,1.365950,1.359065,1.365530,97785000000.0000
2026-02-15 00:00:00+00,1.364610,1.364950,1.364220,1.364735,5015000000.0000
2026-02-16 00:00:00+00,1.364710,1.366210,1.362305,1.362725,54043000000.0000
2026-02-17 00:00:00+00,1.362785,1.362920,1.349590,1.356305,88649000000.0000
2026-02-18 00:00:00+00,1.356300,1.358225,1.349200,1.349510,77446000000.0000
2026-02-19 00:00:00+00,1.349510,1.351695,1.343410,1.346005,84472000000.0000
2026-02-20 00:00:00+00,1.346025,1.351530,1.343520,1.347850,101062000000.0000
2026-02-22 00:00:00+00,1.349150,1.353355,1.348275,1.353230,4228000000.0000
2026-02-23 00:00:00+00,1.353275,1.353520,1.347565,1.349575,101709000000.0000
2026-02-24 00:00:00+00,1.349525,1.353665,1.347000,1.349570,92631000000.0000
2026-02-25 00:00:00+00,1.349575,1.356600,1.349120,1.355765,92210000000.0000
2026-02-26 00:00:00+00,1.355760,1.357515,1.344540,1.349130,90410000000.0000
2026-02-27 00:00:00+00,1.349135,1.350805,1.343960,1.348675,91173000000.0000
2026-03-01 00:00:00+00,1.340865,1.343635,1.340275,1.340575,6081000000.0000
2026-03-02 00:00:00+00,1.340475,1.345595,1.331435,1.340830,131937000000.0000
2026-03-03 00:00:00+00,1.340830,1.342535,1.325330,1.335140,149620000000.0000
2026-03-04 00:00:00+00,1.335175,1.340310,1.330345,1.336925,136892000000.0000
2026-03-05 00:00:00+00,1.336920,1.338720,1.329750,1.335585,142397000000.0000
2026-03-06 00:00:00+00,1.335600,1.341240,1.331150,1.341050,136815000000.0000
2026-03-08 00:00:00+00,1.333835,1.335530,1.330015,1.330545,10137000000.0000
2026-03-09 00:00:00+00,1.330515,1.344875,1.328320,1.342405,157382000000.0000
2026-03-10 00:00:00+00,1.342365,1.348345,1.341035,1.341980,138872000000.0000
2026-03-11 00:00:00+00,1.341995,1.345765,1.337615,1.338250,126673000000.0000
2026-03-12 00:00:00+00,1.338175,1.340985,1.333830,1.335165,120188000000.0000
2026-03-13 00:00:00+00,1.335185,1.336975,1.321865,1.322400,119665072699.0000
2026-03-15 00:00:00+00,1.324320,1.324495,1.322545,1.323855,3844000000.0000
2026-03-16 00:00:00+00,1.325845,1.334005,1.323030,1.331260,101910000000.0000
2026-03-17 00:00:00+00,1.331270,1.336460,1.327330,1.335780,104171000000.0000
2026-03-18 00:00:00+00,1.335770,1.337455,1.325140,1.326445,111731000000.0000
2026-03-19 00:00:00+00,1.326445,1.346735,1.324600,1.342450,138820000000.0000
2026-03-20 00:00:00+00,1.342445,1.343665,1.329900,1.334065,117013000000.0000
2026-03-22 00:00:00+00,1.331360,1.333560,1.330400,1.333455,5829000000.0000
2026-03-23 00:00:00+00,1.333545,1.347950,1.325720,1.342590,172574000000.0000
2026-03-24 00:00:00+00,1.342600,1.344555,1.335235,1.341540,155259000000.0000
2026-03-25 00:00:00+00,1.341545,1.343600,1.335845,1.336350,123135000000.0000
2026-03-26 00:00:00+00,1.336345,1.337810,1.331020,1.333490,109484000000.0000
2026-03-27 00:00:00+00,1.333380,1.334740,1.326015,1.326170,110044000000.0000
2026-03-29 00:00:00+00,1.326130,1.327200,1.323400,1.323800,6823000000.0000
2026-03-30 00:00:00+00,1.323860,1.328275,1.316925,1.317245,112210000000.0000
2026-03-31 00:00:00+00,1.317240,1.326435,1.315960,1.324330,130188000000.0000
2026-04-01 00:00:00+00,1.324310,1.334640,1.321985,1.330260,123761000000.0000
2026-04-02 00:00:00+00,1.330195,1.332030,1.318180,1.322985,123305000000.0000
2026-04-03 00:00:00+00,1.322990,1.324285,1.318785,1.319840,34919000000.0000
2026-04-05 00:00:00+00,1.319235,1.319490,1.317795,1.318605,5727000000.0000
2026-04-06 00:00:00+00,1.318615,1.326870,1.318545,1.323395,95401000000.0000
2026-04-07 00:00:00+00,1.323290,1.340920,1.321160,1.340120,137257000000.0000
2026-04-08 00:00:00+00,1.340135,1.348455,1.337955,1.339285,138279000000.0000
2026-04-09 00:00:00+00,1.339305,1.345870,1.338100,1.342950,107378000000.0000
2026-04-10 00:00:00+00,1.342915,1.347925,1.341080,1.346010,88819000000.0000
2026-04-12 00:00:00+00,1.339425,1.341095,1.338100,1.339420,7636000000.0000
2026-04-13 00:00:00+00,1.339450,1.351635,1.338625,1.351585,100066000000.0000
2026-04-14 00:00:00+00,1.351625,1.359000,1.350360,1.357475,92503000000.0000
2026-04-15 00:00:00+00,1.357480,1.357915,1.354355,1.357285,96638000000.0000
2026-04-16 00:00:00+00,1.357300,1.359505,1.351655,1.352565,93644000000.0000
2026-04-17 00:00:00+00,1.352505,1.359955,1.350460,1.351840,99763000000.0000
2026-04-19 00:00:00+00,1.348940,1.349230,1.347590,1.348270,6808000000.0000
2026-04-20 00:00:00+00,1.348290,1.354455,1.347845,1.353095,102995000000.0000
2026-04-21 00:00:00+00,1.353150,1.353965,1.347550,1.350920,109990000000.0000
2026-04-22 00:00:00+00,1.350910,1.353545,1.349205,1.349985,93303000000.0000
2026-04-23 00:00:00+00,1.349995,1.351820,1.344795,1.346595,111744000000.0000
2026-04-24 00:00:00+00,1.346620,1.353790,1.345355,1.353080,94127000000.0000
2026-04-26 00:00:00+00,1.350765,1.352285,1.350440,1.351330,3070000000.0000
2026-04-27 00:00:00+00,1.351375,1.357625,1.351200,1.353775,86035000000.0000
2026-04-28 00:00:00+00,1.353775,1.354150,1.346320,1.352385,97696000000.0000
2026-04-29 00:00:00+00,1.352390,1.352815,1.345785,1.348845,99492000000.0000
2026-04-30 00:00:00+00,1.348880,1.361215,1.345415,1.360230,130196000000.0000
2026-05-01 00:00:00+00,1.360270,1.365785,1.356880,1.357500,91818000000.0000
2026-05-03 00:00:00+00,1.360030,1.360530,1.358005,1.358115,3047000000.0000
2026-05-04 00:00:00+00,1.358095,1.360145,1.351230,1.353135,106637000000.0000
2026-05-05 00:00:00+00,1.353100,1.357990,1.351385,1.356770,89964000000.0000
2026-05-06 00:00:00+00,1.356860,1.364355,1.356340,1.359130,114674000000.0000
2026-05-07 00:00:00+00,1.359110,1.363235,1.354715,1.355535,107055000000.0000
2026-05-08 00:00:00+00,1.355640,1.363705,1.354885,1.363240,86806000000.0000
2026-05-10 00:00:00+00,1.355890,1.359715,1.355750,1.359420,4769000000.0000
2026-05-11 00:00:00+00,1.359410,1.365350,1.357925,1.360425,86825000000.0000
2026-05-12 00:00:00+00,1.360425,1.360510,1.350060,1.353525,108345000000.0000
2026-05-13 00:00:00+00,1.353520,1.355140,1.348465,1.352690,97141000000.0000
2026-05-14 00:00:00+00,1.352650,1.353295,1.338500,1.339090,89711000000.0000
